ONEWEB-0012             
1 44057U 19010A   26283.54055943  .00000082  00000+0  17999-3 0  9994
2 44057  87.9172 205.8903 0002300  69.3124 290.8254 13.16595413366747
ONEWEB-0010             
1 44058U 19010B   26283.48990416  .00000080  00000+0  17697-3 0  9994
2 44058  87.9183 205.9028 0001512  73.0986 287.0311 13.16595513366788
ONEWEB-0008             
1 44059U 19010C   26283.21124632 -.00000012  00000+0 -63779-4 0  9995
2 44059  87.9181 205.9526 0002130  82.3095 277.8278 13.16595003366863
ONEWEB-0007             
1 44060U 19010D   26283.56589163  .00000116  00000+0  27435-3 0  9990
2 44060  87.9021 236.2168 0001870  68.5910 291.5420 13.15549470366542
ONEWEB-0006             
1 44061U 19010E   26283.56985725  .00000106  00000+0  24778-3 0  9991
2 44061  87.9033 236.1922 0001811  81.0156 279.1180 13.15548336366590
ONEWEB-0011             
1 44062U 19010F   26283.23394943  .00000132  00000+0  31538-3 0  9993
2 44062  87.9030 236.2704 0001932  88.0949 272.0403 13.15548927366549
ONEWEB-0013             
1 45131U 20008A   26283.55012047 -.00000596  00000+0 -17673-2 0  9996
2 45131  87.8597  29.5529 0002484  84.2844 275.8566 13.09461250321163
ONEWEB-0017             
1 45132U 20008B   26283.60500751 -.00000098  00000+0 -31819-3 0  9993
2 45132  87.8925  13.3066 0001728 107.4063 252.7254 13.10377015323063
ONEWEB-0020             
1 45133U 20008C   26283.49811709 -.00000184  00000+0 -56386-3 0  9991
2 45133  87.8913  13.3280 0001821 102.7026 257.4305 13.10370614323449
ONEWEB-0021             
1 45134U 20008D   26283.58972176 -.00000619  00000+0 -18103-2 0  9995
2 45134  87.8915  13.3198 0001720  98.7672 261.3650 13.10372463323765
ONEWEB-0023             
1 45136U 20008F   26283.52441337 -.00000296  00000+0 -88327-3 0  9998
2 45136  87.8927  13.3212 0001987 102.1162 258.0188 13.10375983323181
ONEWEB-0024             
1 45137U 20008G   26283.49654493 -.00000117  00000+0 -37071-3 0  9996
2 45137  87.8927  13.3279 0001739 102.3920 257.7402 13.10371337323346
ONEWEB-0025             
1 45138U 20008H   26283.49627123 -.00000118  00000+0 -37348-3 0  9995
2 45138  87.8928  13.3166 0002003 115.8440 244.2894 13.10369540323679
ONEWEB-0026             
1 45139U 20008J   26283.44312841  .00000280  00000+0  75375-3 0  9999
2 45139  87.8962 358.1667 0001775 105.3928 254.7396 13.11415310326218
ONEWEB-0028             
1 45140U 20008K   26283.49372567  .00000201  00000+0  53220-3 0  9995
2 45140  87.8958 358.1592 0002233  90.5275 269.6109 13.11418644323736
ONEWEB-0032             
1 45141U 20008L   26283.53048570  .00000032  00000+0  54545-4 0  9999
2 45141  87.8928  13.3235 0002225  95.1099 265.0283 13.10376344323400
ONEWEB-0033             
1 45142U 20008M   26283.50488847 -.00000502  00000+0 -14745-2 0  9992
2 45142  87.8912  13.3302 0001357 112.6713 247.4559 13.10371806323310
ONEWEB-0035             
1 45143U 20008N   26283.52540142 -.00000300  00000+0 -89492-3 0  9990
2 45143  87.8925  13.3223 0001706 101.0589 259.0731 13.10375191323040
ONEWEB-0036             
1 45144U 20008P   26283.50306150 -.00000426  00000+0 -12578-2 0  9997
2 45144  87.8938  13.3581 0002005 100.9986 259.1367 13.10370337323463
ONEWEB-0038             
1 45145U 20008Q   26283.45328955 -.00000023  00000+0 -99947-4 0  9999
2 45145  87.8976 358.1889 0001409  40.9923 319.1310 13.11416252325430
ONEWEB-0039             
1 45146U 20008R   26283.50827492 -.00000577  00000+0 -16881-2 0  9994
2 45146  87.8924  13.3261 0002146  91.6805 268.4568 13.10370875323268
ONEWEB-0040             
1 45147U 20008S   26283.50150424 -.00000374  00000+0 -11066-2 0  9994
2 45147  87.8907  13.3311 0002110 105.6657 254.4704 13.10370281322962
ONEWEB-0043             
1 45149U 20008U   26283.50334451 -.00000417  00000+0 -12310-2 0  9991
2 45149  87.8926  13.3300 0002053  94.3315 265.8047 13.10375870323285
ONEWEB-0044             
1 45150U 20008V   26283.22661863  .00000122  00000+0  31289-3 0  9990
2 45150  87.8917  13.3823 0001907 100.8311 259.3032 13.10376395323547
ONEWEB-0045             
1 45151U 20008W   26283.44807650  .00000195  00000+0  51377-3 0  9991
2 45151  87.8967 358.1644 0001873  98.3954 261.7387 13.11415817325513
ONEWEB-0047             
1 45152U 20008X   26283.52513868 -.00000923  00000+0 -26812-2 0  9992
2 45152  87.8936  13.3282 0001514 100.5998 259.5300 13.10365257323300
ONEWEB-0048             
1 45153U 20008Y   26283.59651804 -.00000469  00000+0 -13795-2 0  9994
2 45153  87.8918  13.3227 0001756  97.5223 262.6104 13.10375413322923
ONEWEB-0049             
1 45154U 20008Z   26283.52342465 -.00000326  00000+0 -97024-3 0  9998
2 45154  87.8920  13.3269 0002173 107.1732 252.9633 13.10374874323133
ONEWEB-0051             
1 45155U 20008AA  26283.44638011  .00000219  00000+0  58270-3 0  9994
2 45155  87.8964 358.1677 0001853 102.4260 257.7075 13.11413803326192
ONEWEB-0052             
1 45156U 20008AB  26283.54407372  .00000580  00000+0  16261-2 0  9994
2 45156  87.8930  13.3169 0002160 102.8715 257.2654 13.10373869323048
ONEWEB-0053             
1 45157U 20008AC  26283.27072683 -.00000358  00000+0 -10611-2 0  9996
2 45157  87.8912  13.3837 0002210  96.7405 263.3974 13.10371240322980
ONEWEB-0054             
1 45158U 20008AD  26283.23002158  .00000319  00000+0  87724-3 0  9998
2 45158  87.8919  13.3806 0001822 103.5926 256.5404 13.10375634323093
ONEWEB-0056             
1 45159U 20008AE  26283.58280835 -.00000556  00000+0 -16301-2 0  9994
2 45159  87.8930  13.3109 0001866 110.9814 249.1514 13.10371145323294
ONEWEB-0057             
1 45160U 20008AF  26283.52368512 -.00000506  00000+0 -14865-2 0  9997
2 45160  87.8931  13.3313 0002296  98.5169 261.6219 13.10375489323450
ONEWEB-0058             
1 45161U 20008AG  26283.58649622 -.00000035  00000+0 -13764-3 0  9993
2 45161  87.8917  13.3140 0001364 100.3638 259.7643 13.10368960323535
ONEWEB-0059             
1 45162U 20008AH  26283.58308418 -.00000556  00000+0 -16300-2 0  9995
2 45162  87.8917  13.3187 0002139  96.5766 263.5605 13.10371470323436
ONEWEB-0062             
1 45163U 20008AJ  26283.53021262  .00000005  00000+0 -23280-4 0  9995
2 45163  87.8930  13.3237 0001477 105.3977 254.7313 13.10376563323295
ONEWEB-0065             
1 45164U 20008AK  26283.48779714  .00000314  00000+0  86284-3 0  9996
2 45164  87.8926  13.3401 0002131 105.5650 254.5713 13.10370462322981
ONEWEB-0066             
1 45424U 20020A   26283.50743061  .00000548  00000+0  15107-2 0  9992
2 45424  87.8961 358.1550 0001792  96.5838 263.5494 13.11416516317794
ONEWEB-0067             
1 45425U 20020B   26283.46816201 -.00000454  00000+0 -13170-2 0  9991
2 45425  87.8983 358.1089 0002030  96.9689 263.1670 13.11428150317845
ONEWEB-0080             
1 45426U 20020C   26283.23966766 -.00000519  00000+0 -15003-2 0  9998
2 45426  87.8974 358.2186 0001521 104.8354 255.2942 13.11419535317781
ONEWEB-0090             
1 45427U 20020D   26283.19218161  .00000392  00000+0  10710-2 0  9990
2 45427  87.8973 358.2305 0001761 102.2303 257.9023 13.11420111317743
ONEWEB-0061             
1 45428U 20020E   26283.45302435  .00000011  00000+0 -57185-5 0  9997
2 45428  87.8965 358.1594 0001832 101.9739 258.1594 13.11415735317733
ONEWEB-0081             
1 45429U 20020F   26283.51081767  .00000548  00000+0  15116-2 0  9996
2 45429  87.8965 358.1561 0002048  98.0328 262.1032 13.11416625317852
ONEWEB-0069             
1 45430U 20020G   26283.51264842  .00000527  00000+0  14510-2 0  9999
2 45430  87.8969 358.1613 0001842  94.2487 265.8851 13.11416948317780
ONEWEB-0031             
1 45431U 20020H   26283.47179416 -.00000478  00000+0 -13843-2 0  9992
2 45431  87.8958 358.1636 0001669 104.0216 256.1097 13.11415900317761
ONEWEB-0027             
1 45432U 20020J   26283.45618981  .00000030  00000+0  43006-4 0  9994
2 45432  87.9177 342.9827 0001777 111.4280 248.7041 13.17648864321531
ONEWEB-0064             
1 45433U 20020K   26283.47010177 -.00000530  00000+0 -15325-2 0  9998
2 45433  87.8963 358.1620 0001707 105.9128 254.2188 13.11415405317790
ONEWEB-0018             
1 45434U 20020L   26283.50218110  .00000494  00000+0  13593-2 0  9992
2 45434  87.8966 358.1561 0001722  87.5312 272.6013 13.11419975317747
ONEWEB-0083             
1 45435U 20020M   26283.49230934  .00000127  00000+0  32251-3 0  9995
2 45435  87.8971 358.1576 0001751 100.5806 259.5520 13.11418686317785
ONEWEB-0095             
1 45436U 20020N   26283.48379948 -.00000147  00000+0 -44937-3 0  9992
2 45436  87.8959 358.1599 0002251 116.5803 243.5556 13.11417220317782
ONEWEB-0092             
1 45437U 20020P   26283.43804162  .00000478  00000+0  13131-2 0  9995
2 45437  87.8970 358.1673 0001701  94.7330 265.3992 13.11414926317898
ONEWEB-0085             
1 45438U 20020Q   26283.56831893  .00000162  00000+0  42014-3 0  9994
2 45438  87.8967 358.1426 0001818 101.8820 258.2512 13.11419253317790
ONEWEB-0096             
1 45439U 20020R   26283.49399893  .00000234  00000+0  62573-3 0  9998
2 45439  87.8970 358.1575 0001893 104.6258 255.5080 13.11418805317779
ONEWEB-0037             
1 45440U 20020S   26283.51915930  .00000378  00000+0  10315-2 0  9994
2 45440  87.8978 358.1330 0001920 107.2571 252.8768 13.11416097317815
ONEWEB-0042             
1 45441U 20020T   26283.55982526 -.00000172  00000+0 -52240-3 0  9992
2 45441  87.8969 358.1406 0001949  98.9581 261.1767 13.11420250317782
ONEWEB-0098             
1 45442U 20020U   26283.47943596 -.00000386  00000+0 -11256-2 0  9996
2 45442  87.8956 358.1608 0001769 100.5664 259.5663 13.11417566317754
ONEWEB-0055             
1 45443U 20020V   26283.53441086 -.00000228  00000+0 -67852-3 0  9990
2 45443  87.8969 358.1553 0001923 103.6988 256.4355 13.11415488317736
ONEWEB-0093             
1 45444U 20020W   26283.52762431  .00000060  00000+0  13374-3 0  9992
2 45444  87.8968 358.1556 0001947  93.6808 266.4543 13.11414140317794
ONEWEB-0029             
1 45445U 20020X   26283.23628405 -.00000446  00000+0 -12944-2 0  9994
2 45445  87.8962 358.2079 0001913  94.1409 265.9938 13.11416390317731
ONEWEB-0068             
1 45446U 20020Y   26283.51407752  .00000488  00000+0  13402-2 0  9990
2 45446  87.8967 358.1551 0001899  95.3144 264.8201 13.11415912317711
ONEWEB-0046             
1 45447U 20020Z   26283.50573367  .00000529  00000+0  14578-2 0  9997
2 45447  87.8966 358.1559 0002079  98.4600 261.6764 13.11417966317722
ONEWEB-0063             
1 45448U 20020AA  26283.45837780 -.00000223  00000+0 -66403-3 0  9992
2 45448  87.8971 358.1735 0002132 106.7961 253.3401 13.11413980317805
ONEWEB-0019             
1 45449U 20020AB  26283.49711640  .00000312  00000+0  84518-3 0  9997
2 45449  87.8969 358.1464 0001606 102.0582 258.0726 13.11418170317656
ONEWEB-0094             
1 45450U 20020AC  26283.47405887 -.00000003  00000+0 -40761-4 0  9992
2 45450  87.9185 342.9706 0001706  93.0991 267.0336 13.17649694321490
ONEWEB-0087             
1 45451U 20020AD  26283.54456389 -.00000485  00000+0 -14043-2 0  9990
2 45451  87.8965 358.1339 0001819  91.8142 268.3194 13.11414737317703
ONEWEB-0082             
1 45452U 20020AE  26283.23599327 -.00000459  00000+0 -13303-2 0  9996
2 45452  87.8971 358.2081 0002157  90.4654 269.6721 13.11416692317752
ONEWEB-0050             
1 45453U 20020AF  26283.54793120  .00002089  00000+0  21090-3 0  9990
2 45453  88.9372 217.5592 0000916 316.9535  43.1623 14.90699837357560
ONEWEB-0034             
1 45454U 20020AG  26283.50248527  .00000514  00000+0  14143-2 0  9994
2 45454  87.8971 358.1649 0001871 100.2668 259.8671 13.11418372317707
ONEWEB-0060             
1 45455U 20020AH  26283.45739426 -.00000202  00000+0 -60454-3 0  9995
2 45455  87.8965 358.1645 0001900  70.9363 289.1971 13.11415390317655
ONEWEB-0086             
1 45456U 20020AJ  26283.51237589  .00000569  00000+0  15709-2 0  9992
2 45456  87.8974 358.1573 0001312  81.3924 278.7353 13.11416753317722
ONEWEB-0088             
1 45457U 20020AK  26283.49046783  .00000118  00000+0  29800-3 0  9992
2 45457  87.8979 358.1411 0002268 101.7704 258.3678 13.11419453317659
ONEWEB-0102             
1 47258U 20100A   26283.40455942  .00000036  00000+0  65310-4 0  9990
2 47258  87.8939 327.7941 0001681  94.2822 265.8499 13.12444631279840
ONEWEB-0109             
1 47259U 20100B   26283.41299498  .00000272  00000+0  72106-3 0  9996
2 47259  87.8949 327.7862 0001752 101.6593 258.4732 13.12445974279671
ONEWEB-0110             
1 47260U 20100C   26283.44014269  .00000131  00000+0  32808-3 0  9991
2 47260  87.8948 327.7651 0001646  88.2871 271.8446 13.12442705279848
ONEWEB-0111             
1 47261U 20100D   26283.39440374 -.00000321  00000+0 -92671-3 0  9993
2 47261  87.8941 327.7902 0001869  93.7548 266.3794 13.12443556279671
ONEWEB-0114             
1 47262U 20100E   26283.42490008  .00000492  00000+0  13316-2 0  9992
2 47262  87.8943 327.7846 0001671 104.5881 255.5433 13.12443039279635
ONEWEB-0117             
1 47263U 20100F   26283.18772089  .00000375  00000+0  10077-2 0  9999
2 47263  87.8947 327.8204 0001869  95.0587 265.0755 13.12444254279616
ONEWEB-0118             
1 47264U 20100G   26283.14536989 -.00000209  00000+0 -61668-3 0  9994
2 47264  87.8952 327.8313 0002097 104.7177 255.4184 13.12441399279808
ONEWEB-0119             
1 47265U 20100H   26283.39947948 -.00000114  00000+0 -35319-3 0  9992
2 47265  87.8936 327.7875 0001860  97.3197 262.8143 13.12444931279812
ONEWEB-0120             
1 47266U 20100J   26283.42333044  .00000370  00000+0  99377-3 0  9999
2 47266  87.8936 327.7850 0001739 102.4071 257.7252 13.12443837279841
ONEWEB-0121             
1 47267U 20100K   26283.41133828  .00000279  00000+0  74056-3 0  9992
2 47267  87.8947 327.7845 0002009  88.7673 271.3686 13.12444776279759
ONEWEB-0122             
1 47268U 20100L   26283.17668165 -.00000128  00000+0 -39004-3 0  9992
2 47268  87.8942 327.8346 0001640 102.6173 257.5139 13.12443107279636
ONEWEB-0123             
1 47269U 20100M   26283.40116085 -.00000251  00000+0 -73398-3 0  9999
2 47269  87.8945 327.7882 0001940  98.9477 261.1872 13.12443419279801
ONEWEB-0124             
1 47270U 20100N   26283.16229768 -.00000363  00000+0 -10448-2 0  9997
2 47270  87.8937 327.8359 0001711  90.1735 269.9589 13.12443633279653
ONEWEB-0125             
1 47271U 20100P   26283.14027976 -.00000065  00000+0 -21559-3 0  9998
2 47271  87.8950 327.8368 0002152  94.2867 265.8508 13.12442342279719
ONEWEB-0126             
1 47272U 20100Q   26283.38945016 -.00000344  00000+0 -99245-3 0  9996
2 47272  87.8939 327.7946 0001820 100.4834 259.6500 13.12443993279810
ONEWEB-0127             
1 47273U 20100R   26283.43166541  .00000438  00000+0  11825-2 0  9990
2 47273  87.8947 327.7817 0001795 102.2282 257.9048 13.12443867279846
ONEWEB-0128             
1 47274U 20100S   26283.14873339 -.00000298  00000+0 -86312-3 0  9999
2 47274  87.8971 327.8561 0001726  75.7998 284.3322 13.12440390279828
ONEWEB-0129             
1 47275U 20100T   26283.43336774  .00000313  00000+0  83386-3 0  9993
2 47275  87.8946 327.7788 0001678 134.7880 225.3385 13.12443058279797
ONEWEB-0130             
1 47276U 20100U   26283.38423112 -.00000414  00000+0 -11864-2 0  9996
2 47276  87.8949 327.7851 0001765  96.8178 263.3151 13.12442983279752
ONEWEB-0131             
1 47277U 20100V   26283.38084666 -.00000367  00000+0 -10567-2 0  9990
2 47277  87.8936 327.7913 0001749  94.0642 266.0687 13.12442703279794
ONEWEB-0132             
1 47278U 20100W   26283.40965875  .00000222  00000+0  58108-3 0  9996
2 47278  87.8941 327.7911 0001895  95.5111 264.6233 13.12444009279699
ONEWEB-0133             
1 47279U 20100X   26283.42646085  .00000466  00000+0  12599-2 0  9991
2 47279  87.8952 327.7768 0001759  93.1333 266.9997 13.12442893279850
ONEWEB-0134             
1 47280U 20100Y   26283.47232415 -.00000220  00000+0 -64773-3 0  9998
2 47280  87.8952 327.7645 0001590  98.3418 261.7891 13.12444747279834
ONEWEB-0135             
1 47281U 20100Z   26283.13859272  .00000022  00000+0  24480-4 0  9998
2 47281  87.8942 327.8396 0001584  95.0981 265.0328 13.12441774279817
ONEWEB-0136             
1 47282U 20100AA  26283.38592598 -.00000394  00000+0 -11305-2 0  9995
2 47282  87.8946 327.7803 0001518  99.2523 260.8778 13.12441768279779
ONEWEB-0137             
1 47283U 20100AB  26283.11486998  .00000452  00000+0  12219-2 0  9991
2 47283  87.8939 327.8474 0001993  98.6541 261.4813 13.12443796279643
ONEWEB-0138             
1 47284U 20100AC  26283.47401265 -.00000175  00000+0 -52246-3 0  9994
2 47284  87.8943 327.7776 0001644 100.4823 259.6491 13.12445017279774
ONEWEB-0139             
1 47285U 20100AD  26283.36236278  .00000278  00000+0  73756-3 0  9994
2 47285  87.8947 327.7868 0001839  99.1963 260.9373 13.12442192279838
ONEWEB-0140             
1 47286U 20100AE  26283.39269461 -.00000301  00000+0 -87248-3 0  9998
2 47286  87.8949 327.7742 0001805  91.4528 268.6807 13.12444447279806
ONEWEB-0141             
1 47287U 20100AF  26283.36207904  .00000260  00000+0  68669-3 0  9998
2 47287  87.8949 327.7840 0002122 102.3610 257.7756 13.12442530279783
ONEWEB-0142             
1 47288U 20100AG  26283.42672316  .00000485  00000+0  13136-2 0  9996
2 47288  87.8942 327.7861 0001830 110.9958 249.1367 13.12442774279788
ONEWEB-0143             
1 47289U 20100AH  26283.36051366  .00000261  00000+0  68981-3 0  9997
2 47289  87.8942 327.7990 0001939 101.2273 258.9073 13.12440345279756
ONEWEB-0144             
1 47290U 20100AJ  26283.17923881  .00000175  00000+0  45205-3 0  9996
2 47290  87.8951 327.8191 0001640 107.1265 253.0043 13.12444684279659
ONEWEB-0145             
1 47291U 20100AK  26283.45538700 -.00000282  00000+0 -82051-3 0  9991
2 47291  87.8940 327.7790 0001737 102.4977 257.6346 13.12442175279881
ONEWEB-0146             
1 47292U 20100AL  26283.45200938 -.00000195  00000+0 -57724-3 0  9993
2 47292  87.8942 327.7787 0001972  87.5148 272.6206 13.12442241279790
ONEWEB-0147             
1 47293U 20100AM  26283.41812889  .00000472  00000+0  12774-2 0  9995
2 47293  87.8948 327.7701 0001705  93.9391 266.1932 13.12444396279683
ONEWEB-0115             
1 48042U 21025A   26283.28008198  .00000093  00000+0  21930-3 0  9994
2 48042  87.8895 297.3142 0001845  89.9448 270.1893 13.13469978268707
ONEWEB-0152             
1 48043U 21025B   26283.36979017 -.00000194  00000+0 -56487-3 0  9990
2 48043  87.8889 297.2970 0001968  89.7839 270.3516 13.13470711268674
ONEWEB-0153             
1 48044U 21025C   26283.34778131  .00000294  00000+0  77021-3 0  9999
2 48044  87.8892 297.3000 0001822  94.4958 265.6379 13.13470168268667
ONEWEB-0154             
1 48045U 21025D   26283.34438422  .00000368  00000+0  97371-3 0  9998
2 48045  87.8889 297.3014 0001808  90.6517 269.4819 13.13470994268626
ONEWEB-0116             
1 48046U 21025E   26283.38332092 -.00000215  00000+0 -62259-3 0  9999
2 48046  87.8891 297.2917 0001851  87.4795 272.6546 13.13471009268778
ONEWEB-0150             
1 48047U 21025F   26283.05491616 -.00000051  00000+0 -17512-3 0  9992
2 48047  87.8893 297.3554 0002061  96.2470 263.8894 13.13470628268629
ONEWEB-0107             
1 48048U 21025G   26283.28513837 -.00000023  00000+0 -97798-4 0  9992
2 48048  87.8893 297.3053 0001835  97.6595 262.4742 13.13470206268635
ONEWEB-0101             
1 48049U 21025H   26283.32407055  .00000094  00000+0  22302-3 0  9996
2 48049  87.8887 297.3022 0001691  94.2386 265.8937 13.13471562268613
ONEWEB-0113             
1 48050U 21025J   26283.08305676 -.00000149  00000+0 -43919-3 0  9997
2 48050  87.8880 297.2461 0002009  94.4261 265.7098 13.13892769268693
ONEWEB-0112             
1 48051U 21025K   26283.36640148 -.00000151  00000+0 -44859-3 0  9992
2 48051  87.8893 297.2875 0001600  95.5838 264.5474 13.13469735268716
ONEWEB-0156             
1 48052U 21025L   26283.29868682 -.00000310  00000+0 -88523-3 0  9993
2 48052  87.8894 297.3102 0001890  96.0709 264.0636 13.13469600268688
ONEWEB-0161             
1 48053U 21025M   26283.34948267  .00000293  00000+0  76711-3 0  9992
2 48053  87.8891 297.3002 0001846 100.1577 259.9761 13.13470093268620
ONEWEB-0158             
1 48054U 21025N   26283.38499898 -.00000415  00000+0 -11701-2 0  9993
2 48054  87.8891 297.2915 0001779  82.5754 277.5578 13.13470202268756
ONEWEB-0157             
1 48055U 21025P   26283.33422194  .00000212  00000+0  54632-3 0  9998
2 48055  87.8883 297.3015 0001730 104.5569 255.5752 13.13471245268686
ONEWEB-0162             
1 48056U 21025Q   26283.38658139 -.00000172  00000+0 -50534-3 0  9998
2 48056  87.8895 297.2913 0002000  93.9330 266.2028 13.13470369268663
ONEWEB-0155             
1 48057U 21025R   26283.31728205 -.00000035  00000+0 -12976-3 0  9990
2 48057  87.8886 297.3055 0001899  95.5693 264.5652 13.13468696268795
ONEWEB-0149             
1 48058U 21025S   26283.33932425  .00000331  00000+0  87208-3 0  9991
2 48058  87.8885 297.3030 0002055  95.1744 264.9620 13.13469751268608
ONEWEB-0148             
1 48059U 21025T   26283.37823901 -.00000259  00000+0 -74303-3 0  9997
2 48059  87.8883 297.2958 0002326 100.6462 259.4930 13.13470701268739
ONEWEB-0160             
1 48060U 21025U   26283.31899775  .00000014  00000+0  35232-5 0  9992
2 48060  87.8878 297.3035 0002103  72.5057 287.6302 13.13470686268673
ONEWEB-0163             
1 48061U 21025V   26283.30376516 -.00000330  00000+0 -93811-3 0  9993
2 48061  87.8886 297.3099 0001740 100.8729 259.2596 13.13469362268792
ONEWEB-0159             
1 48062U 21025W   26283.29530265 -.00000222  00000+0 -64202-3 0  9997
2 48062  87.8897 297.3076 0001715  99.4882 260.6441 13.13469820268711
ONEWEB-0164             
1 48063U 21025X   26283.27667897  .00000186  00000+0  47349-3 0  9998
2 48063  87.8886 297.3154 0001810  89.9393 270.1944 13.13469961268691
ONEWEB-0167             
1 48064U 21025Y   26283.30459028 -.00000314  00000+0 -89361-3 0  9993
2 48064  87.8886 297.3114 0001212 101.0143 259.1122 13.13470729268681
ONEWEB-0166             
1 48065U 21025Z   26283.40363865  .00000232  00000+0  59994-3 0  9994
2 48065  87.8891 297.2726 0001879  93.5608 266.5736 13.13471089268779
ONEWEB-0151             
1 48066U 21025AA  26283.32914203  .00000173  00000+0  43818-3 0  9996
2 48066  87.8889 297.3008 0001719  92.3368 267.7958 13.13470949268700
ONEWEB-0170             
1 48067U 21025AB  26283.33762933  .00000414  00000+0  10998-2 0  9999
2 48067  87.8891 297.3022 0001651  76.2073 283.9240 13.13470896268669
ONEWEB-0168             
1 48068U 21025AC  26283.32238980  .00000056  00000+0  11760-3 0  9990
2 48068  87.8883 297.3051 0001788  93.0304 267.1030 13.13470184268670
ONEWEB-0173             
1 48069U 21025AD  26283.39008397 -.00000088  00000+0 -27667-3 0  9995
2 48069  87.8889 297.2906 0001608 101.6390 258.4920 13.13471555268929
ONEWEB-0171             
1 48070U 21025AE  26283.35117173  .00000214  00000+0  54973-3 0  9995
2 48070  87.8884 297.3011 0001738  90.7620 269.3708 13.13469319268731
ONEWEB-0172             
1 48071U 21025AF  26283.02614436  .00000307  00000+0  80590-3 0  9991
2 48071  87.8887 297.3647 0001520  97.1020 263.0282 13.13472379269586
ONEWEB-0174             
1 48072U 21025AG  26283.38841193 -.00000136  00000+0 -40762-3 0  9992
2 48072  87.8896 297.2923 0001955  95.8309 264.3043 13.13471503268957
ONEWEB-0175             
1 48073U 21025AH  26283.34270750  .00000356  00000+0  93858-3 0  9990
2 48073  87.8890 297.2875 0001540  87.8685 272.2620 13.13469948268607
ONEWEB-0177             
1 48074U 21025AJ  26283.27836489  .00000191  00000+0  48801-3 0  9995
2 48074  87.8904 297.3140 0001979 100.2609 259.8743 13.13469446268781
ONEWEB-0178             
1 48075U 21025AK  26283.29712285 -.00000296  00000+0 -84576-3 0  9992
2 48075  87.8880 297.3145 0001575  94.6196 265.5113 13.13469717268831
ONEWEB-0108             
1 48076U 21025AL  26283.33253778  .00000305  00000+0  80000-3 0  9992
2 48076  87.8893 297.2987 0001927  81.1391 278.9956 13.13473711268762
ONEWEB-0169             
1 48077U 21025AM  26283.06000475 -.00000153  00000+0 -45371-3 0  9992
2 48077  87.8888 297.3578 0001904  94.1977 265.9370 13.13468609267386
ONEWEB-0176             
1 48210U 21031A   26283.26796115  .00000119  00000+0  28541-3 0  9993
2 48210  87.8908 266.7369 0001771  85.0909 275.0423 13.14501179263436
ONEWEB-0184             
1 48211U 21031B   26283.24259903  .00000088  00000+0  20338-3 0  9992
2 48211  87.8904 266.7477 0001165  72.2573 287.8683 13.14502079263401
ONEWEB-0179             
1 48212U 21031C   26282.97910284  .00003046  00000+0  28055-3 0  9999
2 48212  87.8974 258.4769 0348152 231.1380 125.8294 14.57998504265606
ONEWEB-0180             
1 48213U 21031D   26283.24596970  .00000130  00000+0  31481-3 0  9991
2 48213  87.8908 266.7474 0001613  95.6494 264.4820 13.14501205263339
ONEWEB-0218             
1 48214U 21031E   26282.96181152  .00000156  00000+0  38610-3 0  9991
2 48214  87.8908 266.8024 0001133  95.3432 264.7827 13.14502629263452
ONEWEB-0209             
1 48215U 21031F   26283.25613148  .00000213  00000+0  53938-3 0  9994
2 48215  87.8905 266.7528 0001827  93.7618 266.3721 13.14503034263492
ONEWEB-0198             
1 48216U 21031G   26283.24105309  .00000210  00000+0  53156-3 0  9998
2 48216  87.8885 266.7441 0001597  96.0514 264.0798 13.14504702263604
ONEWEB-0189             
1 48217U 21031H   26283.25273822  .00000241  00000+0  61559-3 0  9996
2 48217  87.8915 266.7440 0001654  93.5351 266.5968 13.14503689263343
ONEWEB-0196             
1 48218U 21031J   26283.00410073 -.00000013  00000+0 -70633-4 0  9994
2 48218  87.8901 266.7985 0001826  93.0398 267.0941 13.14504218263313
ONEWEB-0183             
1 48219U 21031K   26282.97702897 -.00000108  00000+0 -32645-3 0  9993
2 48219  87.8904 266.8007 0002100  87.4996 272.6374 13.14503282263402
ONEWEB-0185             
1 48220U 21031L   26283.00325511  .00000009  00000+0 -10590-4 0  9999
2 48220  87.8902 266.7941 0002186  97.5274 262.6105 13.14502065263334
ONEWEB-0187             
1 48221U 21031M   26283.28810992 -.00000178  00000+0 -51400-3 0  9994
2 48221  87.8905 266.7470 0001872  89.6405 270.4939 13.14501198263387
ONEWEB-0192             
1 48222U 21031N   26283.25782864  .00000212  00000+0  53717-3 0  9998
2 48222  87.8903 266.7420 0001787  87.3805 272.7529 13.14502987263292
ONEWEB-0219             
1 48223U 21031P   26283.00917510  .00000051  00000+0  10238-3 0  9992
2 48223  87.8907 266.7931 0001959  93.5221 266.6133 13.14504715263469
ONEWEB-0202             
1 48224U 21031Q   26282.99054424 -.00000320  00000+0 -89868-3 0  9992
2 48224  87.8904 266.8035 0001213  89.4308 270.6961 13.14501166263445
ONEWEB-0204             
1 48225U 21031R   26283.25190250  .00000191  00000+0  48101-3 0  9990
2 48225  87.8905 266.7462 0002247  87.1720 272.9667 13.14502335263370
ONEWEB-0205             
1 48226U 21031S   26283.00069265 -.00000204  00000+0 -58417-3 0  9993
2 48226  87.8903 266.7943 0001818  94.4403 265.6934 13.14501475263353
ONEWEB-0206             
1 48227U 21031T   26283.27642292 -.00000013  00000+0 -69516-4 0  9991
2 48227  87.8914 266.7386 0001954  81.9700 278.1651 13.14503541263349
ONEWEB-0182             
1 48228U 21031U   26283.27134641  .00000068  00000+0  14760-3 0  9994
2 48228  87.8906 266.7425 0002042  84.9803 275.1560 13.14502358263555
ONEWEB-0186             
1 48229U 21031V   26282.97872578 -.00000126  00000+0 -37460-3 0  9998
2 48229  87.8908 266.8007 0001820  87.1798 272.9540 13.14503033263460
ONEWEB-0181             
1 48230U 21031W   26283.18505219  .00000170  00000+0  42271-3 0  9992
2 48230  87.8905 266.7726 0001858  96.5279 263.6062 13.14500498263340
ONEWEB-0188             
1 48231U 21031X   26283.30011125 -.00000172  00000+0 -49959-3 0  9999
2 48231  87.8904 266.7495 0001907  87.7586 272.3762 13.14503976263260
ONEWEB-0220             
1 48232U 21031Y   26282.95758205  .00000192  00000+0  48296-3 0  9990
2 48232  87.8907 266.8038 0001906  90.6436 269.4913 13.14501239263483
ONEWEB-0165             
1 48233U 21031Z   26282.98718799 -.00000202  00000+0 -57809-3 0  9992
2 48233  87.8903 266.8064 0001550  92.1854 267.9453 13.14503349263447
ONEWEB-0199             
1 48234U 21031AA  26282.97025240 -.00000003  00000+0 -42720-4 0  9990
2 48234  87.8912 266.8011 0001984  78.9955 281.1398 13.14501515263343
ONEWEB-0203             
1 48235U 21031AB  26282.96011014  .00000102  00000+0  23954-3 0  9999
2 48235  87.8906 266.8035 0001747  79.3953 280.7374 13.14502892263352
ONEWEB-0197             
1 48236U 21031AC  26283.24075111  .00000113  00000+0  27148-3 0  9991
2 48236  87.8898 266.7267 0002038  86.2140 273.9223 13.14501363263302
ONEWEB-0194             
1 48237U 21031AD  26282.99223093 -.00000139  00000+0 -40839-3 0  9999
2 48237  87.8903 266.8023 0001902  79.7894 280.3450 13.14501225263449
ONEWEB-0193             
1 48238U 21031AE  26283.00748329  .00000006  00000+0 -18348-4 0  9990
2 48238  87.8910 266.7941 0001937  75.1958 284.9386 13.14503584263397
ONEWEB-0191             
1 48239U 21031AF  26282.94320526  .00000199  00000+0  50279-3 0  9998
2 48239  87.8906 266.8069 0001999  87.8184 272.3174 13.14501743263249
ONEWEB-0195             
1 48240U 21031AG  26283.66668981 -.00026247  00000+0 -71028-1 0  9997
2 48240  87.8899 266.6562 0001681  95.4854 250.5133 13.14508044  5153
ONEWEB-0201             
1 48241U 21031AH  26283.21229189 -.00001044  00000+0 -28515-2 0  9994
2 48241  87.8904 266.7637 0002079  94.0127 266.1241 13.14494646263493
ONEWEB-0207             
1 48242U 21031AJ  26283.19100995  .00000104  00000+0  24536-3 0  9999
2 48242  87.8907 266.7568 0002310  89.4308 270.7087 13.14501227263401
ONEWEB-0208             
1 48243U 21031AK  26283.24936865  .00000230  00000+0  58487-3 0  9991
2 48243  87.8903 266.7471 0001643  93.1239 267.0079 13.14503746263424
ONEWEB-0200             
1 48244U 21031AL  26283.21382816 -.00000440  00000+0 -12205-2 0  9992
2 48244  87.8912 266.7513 0001934  94.8624 265.2727 13.14502581263348
ONEWEB-0217             
1 48245U 21031AM  26283.00239200 -.00000070  00000+0 -22243-3 0  9991
2 48245  87.8905 266.7957 0001579  91.4738 268.6573 13.14504322263269
ONEWEB-0211             
1 48767U 21045A   26283.20895736 -.00000086  00000+0 -26104-3 0  9996
2 48767  87.9025 236.1270 0001214  79.6162 280.5105 13.16198598259575
ONEWEB-0223             
1 48768U 21045B   26283.57224629  .00001860  00000+0  49066-2 0  9994
2 48768  87.9031 236.1939 0001381  69.7132 290.4147 13.15541486259570
ONEWEB-0230             
1 48769U 21045C   26283.61976826  .00000135  00000+0  32568-3 0  9997
2 48769  87.9028 236.1930 0002086  76.9861 283.1502 13.15549030259847
ONEWEB-0237             
1 48770U 21045D   26283.60865919 -.00000209  00000+0 -58854-3 0  9998
2 48770  87.9025 236.1934 0001760  87.4633 272.6699 13.15547839259566
ONEWEB-0235             
1 48771U 21045E   26283.58331060 -.00000099  00000+0 -29663-3 0  9994
2 48771  87.9031 236.1935 0001631  68.2722 291.8582 13.15547002259553
ONEWEB-0242             
1 48772U 21045F   26283.57697748  .00000010  00000+0 -62650-5 0  9999
2 48772  87.9033 236.1933 0001903  72.1140 288.0198 13.15550128259592
ONEWEB-0241             
1 48773U 21045G   26283.56432063  .00000105  00000+0  24433-3 0  9995
2 48773  87.9030 236.2041 0001455  72.2891 287.8398 13.15548326259504
ONEWEB-0243             
1 48774U 21045H   26283.59600945 -.00000107  00000+0 -31840-3 0  9999
2 48774  87.9021 236.2083 0001926  62.2411 297.8914 13.15548865259537
ONEWEB-0222             
1 48775U 21045J   26283.57935191 -.00000067  00000+0 -21312-3 0  9990
2 48775  87.9031 236.1882 0001581  73.3514 286.7790 13.15546509259575
ONEWEB-0244             
1 48776U 21045K   26283.60551043 -.00000085  00000+0 -25943-3 0  9999
2 48776  87.9032 236.1843 0001826  74.5037 285.6295 13.15547706260142
ONEWEB-0247             
1 48777U 21045L   26283.60234751 -.00000040  00000+0 -14104-3 0  9992
2 48777  87.9020 236.2010 0001702  53.3111 306.8176 13.15548707259580
ONEWEB-0245             
1 48778U 21045M   26283.59758604 -.00000109  00000+0 -32298-3 0  9999
2 48778  87.9030 236.1917 0001558  83.0692 277.0616 13.15546644259553
ONEWEB-0229             
1 48779U 21045N   26283.59283644 -.00000092  00000+0 -27744-3 0  9998
2 48779  87.9030 236.1898 0001940  74.2314 285.9031 13.15548268259586
ONEWEB-0228             
1 48780U 21045P   26283.62626112  .00000190  00000+0  46936-3 0  9996
2 48780  87.9030 236.1822 0001850  79.2282 280.9057 13.15549275259508
ONEWEB-0232             
1 48781U 21045Q   26283.60076291 -.00000057  00000+0 -18445-3 0  9990
2 48781  87.9033 236.1861 0001885  79.5417 280.5926 13.15549589259820
ONEWEB-0231             
1 48782U 21045R   26283.57858301  .00000000  00000+0 -34430-4 0  9997
2 48782  87.9029 236.1971 0001691  74.3867 285.7450 13.15548997259512
ONEWEB-0234             
1 48783U 21045S   26283.61647684  .00000119  00000+0  28315-3 0  9997
2 48783  87.9035 236.1788 0001921 102.9054 257.2291 13.15549400259650
ONEWEB-0238             
1 48784U 21045T   26283.61674041  .00000078  00000+0  17223-3 0  9995
2 48784  87.9035 236.1743 0002129  96.4906 263.6467 13.15547365259559
ONEWEB-0240             
1 48785U 21045U   26283.56193439  .00000182  00000+0  44995-3 0  9999
2 48785  87.9035 236.1931 0001600  76.4092 283.7216 13.15547704259570
ONEWEB-0246             
1 48786U 21045V   26283.63245029  .00000167  00000+0  40907-3 0  9993
2 48786  87.9031 236.1815 0001909  74.7502 285.3839 13.15548419259457
ONEWEB-0210             
1 48787U 21045W   26283.60709877  .00000026  00000+0  34114-4 0  9995
2 48787  87.9030 236.1841 0002000  53.4139 306.7175 13.15548246259492
ONEWEB-0214             
1 48788U 21045X   26283.61581490 -.00000003  00000+0 -41477-4 0  9993
2 48788  87.9031 236.1801 0002182  71.6388 288.4979 13.15547303259467
ONEWEB-0221             
1 48789U 21045Y   26283.62293922  .00000177  00000+0  43540-3 0  9997
2 48789  87.9030 236.1859 0001742  75.7173 284.4151 13.15549163259552
ONEWEB-0213             
1 48790U 21045Z   26283.61183484  .00000050  00000+0  98638-4 0  9998
2 48790  87.9031 236.1905 0001781  70.2550 289.8772 13.15549669259615
ONEWEB-0212             
1 48791U 21045AA  26282.90435232 -.00000128  00000+0 -37277-3 0  9990
2 48791  87.9029 236.3254 0001976  75.3821 284.7529 13.15546835259510
ONEWEB-0227             
1 48792U 21045AB  26283.58808540 -.00000076  00000+0 -23724-3 0  9996
2 48792  87.9030 236.1879 0001818  76.6058 283.5275 13.15549161259559
ONEWEB-0226             
1 48793U 21045AC  26283.58173142 -.00000097  00000+0 -29089-3 0  9993
2 48793  87.9031 236.1954 0001925  69.5359 290.5978 13.15547929259524
ONEWEB-0224             
1 48794U 21045AD  26283.62134282  .00000160  00000+0  38990-3 0  9991
2 48794  87.9020 236.2130 0001313 102.5111 257.6167 13.15549449259450
ONEWEB-0233             
1 48795U 21045AE  26283.62596748  .00000170  00000+0  41847-3 0  9997
2 48795  87.9019 236.2180 0001633  76.6431 283.4881 13.15549090259479
ONEWEB-0190             
1 48796U 21045AF  26283.61341776  .00000014  00000+0  18558-5 0  9998
2 48796  87.9026 236.1910 0001527  60.0218 300.1064 13.15549714259541
ONEWEB-0236             
1 48797U 21045AG  26283.63085331  .00000179  00000+0  44095-3 0  9998
2 48797  87.9028 236.1907 0001918  83.5440 276.5908 13.15549056259431
ONEWEB-0248             
1 48798U 21045AH  26283.56746853  .00000075  00000+0  16623-3 0  9995
2 48798  87.9033 236.1957 0001450  73.5099 286.6191 13.15547463259585
ONEWEB-0225             
1 48799U 21045AJ  26282.90514912 -.00000125  00000+0 -36600-3 0  9997
2 48799  87.9026 236.3325 0001587  63.7316 296.3977 13.15548289259502
ONEWEB-0215             
1 48800U 21045AK  26283.55953366 -.00000138  00000+0 -39994-3 0  9995
2 48800  87.9033 236.1899 0001421  62.0711 298.0563 13.15548143259469
ONEWEB-0216             
1 48801U 21045AL  26283.56907380  .00000151  00000+0  36602-3 0  9998
2 48801  87.9033 236.1989 0001992  78.5100 281.6254 13.15549313259473
ONEWEB-0239             
1 48802U 21045AM  26283.57381605  .00000006  00000+0 -17233-4 0  9996
2 48802  87.9032 236.2020 0001083  70.1137 290.0110 13.15547540259519
ONEWEB-0249             
1 48967U 21060A   26283.56828135  .00000012  00000+0 -21889-5 0  9998
2 48967  87.9182 205.8838 0001714  72.5817 287.5501 13.16593699254795
ONEWEB-0250             
1 48968U 21060B   26283.54655759  .00000029  00000+0  36505-4 0  9994
2 48968  87.9187 203.2730 0001641 107.0487 253.0829 13.25839957255501
ONEWEB-0252             
1 48970U 21060D   26283.59913052 -.00000089  00000+0 -26759-3 0  9992
2 48970  87.9182 205.8703 0002115  77.4106 282.7262 13.16592488254843
ONEWEB-0253             
1 48971U 21060E   26283.51207530 -.00000070  00000+0 -21749-3 0  9996
2 48971  87.9181 205.8927 0001746  75.5062 284.6263 13.16595301254760
ONEWEB-0254             
1 48972U 21060F   26283.52156084 -.00000074  00000+0 -22695-3 0  9990
2 48972  87.9179 205.8894 0001507  72.6104 287.5192 13.16595143254768
ONEWEB-0255             
1 48973U 21060G   26283.48356833  .00000084  00000+0  18669-3 0  9995
2 48973  87.9184 205.9026 0001647  70.9666 289.1643 13.16595414254830
ONEWEB-0256             
1 48974U 21060H   26283.50969609 -.00000047  00000+0 -15585-3 0  9995
2 48974  87.9181 205.8979 0001975  71.4742 288.6604 13.16595135254807
ONEWEB-0257             
1 48975U 21060J   26283.54215579  .00000099  00000+0  22597-3 0  9996
2 48975  87.9181 205.8824 0001760  69.4053 290.7267 13.16595224254764
ONEWEB-0258             
1 48976U 21060K   26283.54372618  .00000139  00000+0  32922-3 0  9993
2 48976  87.9171 205.8900 0001761  74.2214 285.9111 13.16596233254779
ONEWEB-0259             
1 48977U 21060L   26283.53740444  .00000006  00000+0 -16945-4 0  9991
2 48977  87.9185 205.8951 0001635  74.7848 285.3464 13.16594177254803
ONEWEB-0260             
1 48978U 21060M   26283.60469082  .00000048  00000+0  91301-4 0  9990
2 48978  87.9172 205.8774 0002137  67.4793 292.6564 13.16593393254798
ONEWEB-0261             
1 48979U 21060N   26283.49860764 -.00000004  00000+0 -43025-4 0  9994
2 48979  87.9170 205.8978 0001673  63.9689 296.1614 13.16593040254831
ONEWEB-0262             
1 48980U 21060P   26283.47880901  .00000145  00000+0  34570-3 0  9997
2 48980  87.9184 205.8938 0001534  78.7533 281.3770 13.16595975254795
ONEWEB-0263             
1 48981U 21060Q   26283.51048368 -.00000108  00000+0 -31505-3 0  9992
2 48981  87.9171 205.8957 0001584  65.5825 294.5471 13.16594296254762
ONEWEB-0264             
1 48982U 21060R   26283.54769746  .00000096  00000+0  21645-3 0  9994
2 48982  87.9170 205.8880 0001813  68.4892 291.6432 13.16594897254771
ONEWEB-0266             
1 48984U 21060T   26283.56907110  .00000053  00000+0  10445-3 0  9996
2 48984  87.9183 205.8818 0001807  75.1675 284.9656 13.16594494254760
ONEWEB-0267             
1 48985U 21060U   26283.58014492  .00000010  00000+0 -71994-5 0  9993
2 48985  87.9183 205.8762 0001754  67.2201 292.9116 13.16595390254774
ONEWEB-0268             
1 48986U 21060V   26283.54848225  .00000172  00000+0  41575-3 0  9997
2 48986  87.9180 205.8905 0001930  72.3865 287.7477 13.16595741255032
ONEWEB-0269             
1 48987U 21060W   26283.60545917  .00000068  00000+0  14386-3 0  9991
2 48987  87.9180 205.8769 0002088  78.5431 281.5934 13.16596907254813
ONEWEB-0270             
1 48988U 21060X   26283.54690258  .00000117  00000+0  27276-3 0  9991
2 48988  87.9172 205.8886 0001450  71.6057 288.5232 13.16595140254844
ONEWEB-0271             
1 48989U 21060Y   26283.23025253  .00000109  00000+0  25258-3 0  9994
2 48989  87.9176 205.9447 0001648  68.0752 292.0554 13.16594889254806
ONEWEB-0272             
1 48990U 21060Z   26283.55639756  .00000073  00000+0  15656-3 0  9991
2 48990  87.9181 205.8878 0002029  67.3189 292.8157 13.16594973254790
ONEWEB-0273             
1 48991U 21060AA  26283.50257448 -.00000103  00000+0 -30311-3 0  9992
2 48991  87.9169 205.8972 0001717  70.3849 289.7468 13.16596025254769
ONEWEB-0274             
1 48992U 21060AB  26283.52788440  .00000010  00000+0 -73787-5 0  9998
2 48992  87.9176 205.8917 0002038  67.3307 292.8039 13.16595952254801
ONEWEB-0275             
1 48993U 21060AC  26283.59279764 -.00000028  00000+0 -10679-3 0  9999
2 48993  87.9182 205.8780 0002582  63.6103 296.5293 13.16593149254746
ONEWEB-0276             
1 48994U 21060AD  26283.55007489  .00000157  00000+0  37756-3 0  9995
2 48994  87.9180 205.8850 0001916  69.1849 290.9487 13.16595852254758
ONEWEB-0277             
1 48995U 21060AE  26283.25872469  .00000037  00000+0  61953-4 0  9995
2 48995  87.9183 205.9461 0001699  70.3179 289.8135 13.16593031254708
ONEWEB-0278             
1 48996U 21060AF  26283.55322951  .00000077  00000+0  16877-3 0  9993
2 48996  87.9185 205.8837 0001796  80.8618 279.2716 13.16595032254878
ONEWEB-0279             
1 48997U 21060AG  26283.56115667  .00000099  00000+0  22543-3 0  9990
2 48997  87.9181 205.8803 0001773  65.0756 295.0559 13.16596061254808
ONEWEB-0280             
1 48998U 21060AH  26283.57618953 -.00000002  00000+0 -39850-4 0  9994
2 48998  87.9183 205.8811 0001538  79.3331 280.7973 13.16595632254743
ONEWEB-0281             
1 48999U 21060AJ  26283.58173922 -.00000004  00000+0 -45147-4 0  9996
2 48999  87.9184 205.8771 0001979  72.3083 287.8264 13.16594326254814
ONEWEB-0282             
1 49000U 21060AK  26283.53579476 -.00000279  00000+0 -76210-3 0  9997
2 49000  87.9181 205.8914 0001738  72.8519 287.2802 13.16594720254782
ONEWEB-0283             
1 49001U 21060AL  26283.52473437  .00000037  00000+0  62496-4 0  9999
2 49001  87.9182 205.8932 0001789  68.4312 291.7010 13.16594720254794
ONEWEB-0284             
1 49002U 21060AM  26283.51838672 -.00000022  00000+0 -90515-4 0  9994
2 49002  87.9181 205.8891 0001608  81.3479 278.7834 13.16595386254772
ONEWEB-0285             
1 49075U 21075A   26283.40710548  .00000161  00000+0  41330-3 0  9991
2 49075  87.8943 327.7873 0002099  98.5196 261.6171 13.12444676250325
ONEWEB-0286             
1 49076U 21075B   26283.46542683 -.00000347  00000+0 -10010-2 0  9999
2 49076  87.8937 327.7827 0002097  97.0552 263.0815 13.12442833249687
ONEWEB-0287             
1 49077U 21075C   26283.51369795  .00000077  00000+0  16408-3 0  9993
2 49077  87.9176 342.9693 0002296 102.3292 257.8096 13.17650311248819
ONEWEB-0288             
1 49078U 21075D   26283.21313132  .00000149  00000+0  37987-3 0  9990
2 49078  87.8945 327.8198 0002001 103.1173 257.0179 13.12441703250271
ONEWEB-0289             
1 49079U 21075E   26283.40063976  .00000119  00000+0  27442-3 0  9992
2 49079  87.9169 343.0065 0001622 108.7988 251.3319 13.17648329249377
ONEWEB-0290             
1 49080U 21075F   26283.44958068 -.00000055  00000+0 -17610-3 0  9990
2 49080  87.9176 342.9798 0001565 112.3175 247.8123 13.17646772248791
ONEWEB-0291             
1 49081U 21075G   26283.51018481  .00009016  00000+0  23147-1 0  9999
2 49081  87.9235 342.9671 0002652 103.2948 256.8479 13.17704436248799
ONEWEB-0293             
1 49082U 21075H   26283.45970203  .00000017  00000+0  11470-4 0  9993
2 49082  87.9175 342.9798 0001820 103.5952 256.5383 13.17647804248816
ONEWEB-0294             
1 49083U 21075J   26283.14365520 -.00000358  00000+0 -10318-2 0  9998
2 49083  87.8949 327.8387 0001631 105.6443 254.4865 13.12441252249658
ONEWEB-0295             
1 49084U 21075K   26283.45885951  .00000076  00000+0  16335-3 0  9999
2 49084  87.9176 342.9845 0002153 104.5721 255.5649 13.17647773248771
ONEWEB-0296             
1 49085U 21075L   26283.42828561  .00000474  00000+0  12817-2 0  9993
2 49085  87.8940 327.7862 0002024 106.0077 254.1275 13.12443539249699
ONEWEB-0297             
1 49086U 21075M   26283.61123957 -.00000334  00000+0 -96448-3 0  9992
2 49086  87.8936 327.7523 0001954  99.0761 261.0589 13.12443586250320
ONEWEB-0298             
1 49087U 21075N   26283.15947272  .00000113  00000+0  25752-3 0  9999
2 49087  87.9175 343.0418 0001986  97.4944 262.6413 13.17648432248761
ONEWEB-0299             
1 49088U 21075P   26283.16099782  .00000138  00000+0  32124-3 0  9993
2 49088  87.9185 343.0317 0002088 102.9687 257.1678 13.17651339248741
ONEWEB-0300             
1 49089U 21075Q   26283.06995873 -.00000244  00000+0 -71264-3 0  9997
2 49089  87.8950 327.8522 0002116  88.6272 271.5099 13.12443246250270
ONEWEB-0301             
1 49090U 21075R   26283.35884684  .00000322  00000+0  85933-3 0  9991
2 49090  87.8946 327.7904 0002001  88.6074 271.5284 13.12443239249673
ONEWEB-0302             
1 49091U 21075S   26283.42151310  .00000471  00000+0  12728-2 0  9999
2 49091  87.8940 327.7856 0001775 108.3063 251.8258 13.12443753249661
ONEWEB-0304             
1 49092U 21075T   26283.43944951  .00000108  00000+0  24432-3 0  9995
2 49092  87.9176 342.9885 0002051 102.0513 258.0849 13.17648129248757
ONEWEB-0305             
1 49093U 21075U   26283.43270772  .00000082  00000+0  17703-3 0  9993
2 49093  87.9176 342.9826 0002276 103.7931 256.3454 13.17647712248787
ONEWEB-0308             
1 49094U 21075V   26283.41472676  .00000348  00000+0  93059-3 0  9992
2 49094  87.8949 327.7862 0001855  96.9250 263.2089 13.12444922249678
ONEWEB-0309             
1 49095U 21075W   26283.43608051  .00000054  00000+0  10649-3 0  9991
2 49095  87.9175 342.9818 0001714 113.2214 246.9098 13.17648931248755
ONEWEB-0310             
1 49096U 21075X   26283.42998297  .00000477  00000+0  12910-2 0  9996
2 49096  87.8938 327.7941 0001843  97.0162 263.1177 13.12443315250301
ONEWEB-0311             
1 49097U 21075Y   26283.51874896  .00000056  00000+0  11123-3 0  9994
2 49097  87.9176 342.9660 0002363 100.4672 259.6726 13.17650455248810
ONEWEB-0312             
1 49098U 21075Z   26283.45802483 -.00000050  00000+0 -16115-3 0  9993
2 49098  87.9172 342.9876 0002038 104.7963 255.3395 13.17647677248788
ONEWEB-0313             
1 49099U 21075AA  26283.23512766  .00000040  00000+0  69135-4 0  9990
2 49099  87.9175 343.0357 0002027 100.5302 259.6058 13.17647834248741
ONEWEB-0314             
1 49100U 21075AB  26283.42932321 -.00000006  00000+0 -48776-4 0  9999
2 49100  87.9182 342.9834 0002141 107.7140 252.4226 13.17647567248747
ONEWEB-0315             
1 49101U 21075AC  26283.47910381 -.00000046  00000+0 -16359-3 0  9992
2 49101  87.8948 327.7578 0002248  95.2510 264.8875 13.12444859250297
ONEWEB-0316             
1 49102U 21075AD  26283.33949486  .00000013  00000+0 -89189-6 0  9993
2 49102  87.9122 312.5672 0001854  98.4768 261.6574 13.18685553252389
ONEWEB-0317             
1 49103U 21075AE  26283.17751308  .00000139  00000+0  35137-3 0  9999
2 49103  87.8936 327.8353 0001305 105.0245 255.1028 13.12441854250279
ONEWEB-0318             
1 49104U 21075AF  26283.10917681 -.00000359  00000+0 -94329-3 0  9995
2 49104  87.9124 312.6166 0002090  94.5575 265.5796 13.18686232252315
ONEWEB-0319             
1 49105U 21075AG  26283.44451643  .00000031  00000+0  46413-4 0  9991
2 49105  87.9175 342.9852 0002368  94.6467 265.4935 13.17647656248785
ONEWEB-0323             
1 49106U 21075AH  26283.46385146 -.00000341  00000+0 -98232-3 0  9999
2 49106  87.8949 327.7666 0002426  98.1886 261.9517 13.12444370249676
ONEWEB-0329             
1 49107U 21075AJ  26283.52888127  .00000092  00000+0  20377-3 0  9990
2 49107  87.9175 342.9698 0002032 102.5523 257.5836 13.17647710248777
ONEWEB-0330             
1 49108U 21075AK  26283.45647227  .00000003  00000+0 -24716-4 0  9992
2 49108  87.9181 342.9989 0001945 104.4920 255.6427 13.17648083248805
ONEWEB-0292             
1 49186U 21083A   26283.04138772  .00000290  00000+0  75902-3 0  9991
2 49186  87.8886 297.3701 0002002  90.1624 269.9735 13.13470891246000
ONEWEB-0303             
1 49187U 21083B   26283.40848981  .00000018  00000+0  12274-4 0  9994
2 49187  87.9124 312.5551 0002062  93.9471 266.1897 13.18685808245162
ONEWEB-0306             
1 49188U 21083C   26283.39837330  .00000041  00000+0  70970-4 0  9992
2 49188  87.9129 312.5495 0001640  97.3853 262.7466 13.18686503245200
ONEWEB-0307             
1 49189U 21083D   26283.34016101  .00000284  00000+0  74199-3 0  9998
2 49189  87.8887 297.3097 0001969  94.2392 265.8963 13.13468989246047
ONEWEB-0320             
1 49190U 21083E   26283.34270980  .00000084  00000+0  17926-3 0  9990
2 49190  87.9117 312.5663 0001849  94.1891 265.9452 13.18683879245152
ONEWEB-0321             
1 49191U 21083F   26282.89681928 -.00000030  00000+0 -10473-3 0  9991
2 49191  87.9167 251.5473 0001810  78.1406 281.9930 13.20770476251970
ONEWEB-0322             
1 49192U 21083G   26283.33592667  .00000337  00000+0  88880-3 0  9998
2 49192  87.8881 297.3090 0001524  82.0435 278.0867 13.13470522246032
ONEWEB-0324             
1 49193U 21083H   26283.31574334 -.00000073  00000+0 -21802-3 0  9998
2 49193  87.9128 312.5718 0001845  99.7112 260.4228 13.18683747245178
ONEWEB-0325             
1 49194U 21083J   26283.39499915  .00000054  00000+0  10520-3 0  9990
2 49194  87.9124 312.5544 0001935  90.7635 269.3719 13.18685608245196
ONEWEB-0326             
1 49195U 21083K   26283.41030156  .00000075  00000+0  15799-3 0  9998
2 49195  87.9123 312.5550 0002141  91.6734 268.4644 13.18687431245185
ONEWEB-0327             
1 49196U 21083L   26283.33416361  .00000101  00000+0  22246-3 0  9991
2 49196  87.9119 312.5671 0002251  87.6399 272.4991 13.18686748245190
ONEWEB-0328             
1 49197U 21083M   26283.09724531  .00000164  00000+0  41520-3 0  9991
2 49197  87.8887 297.3408 0001830  96.4080 263.7257 13.13470402245985
ONEWEB-0331             
1 49198U 21083N   26283.32754992  .00000110  00000+0  24571-3 0  9990
2 49198  87.9128 312.5681 0002233  94.4580 265.6807 13.18687607245185
ONEWEB-0333             
1 49199U 21083P   26283.32068086  .00000036  00000+0  64948-4 0  9993
2 49199  87.8880 297.3122 0001925  91.0291 269.1059 13.13471833246028
ONEWEB-0334             
1 49200U 21083Q   26283.21413435 -.00000053  00000+0 -16125-3 0  9990
2 49200  87.9172 251.4951 0001354  65.9155 294.2120 13.20773514251979
ONEWEB-0335             
1 49201U 21083R   26283.31561933 -.00000118  00000+0 -35693-3 0  9992
2 49201  87.8881 297.3098 0002006  92.4149 267.7210 13.13470742246035
ONEWEB-0336             
1 49202U 21083S   26283.36302620 -.00000082  00000+0 -26046-3 0  9996
2 49202  87.8896 297.2969 0002129  94.7405 265.3967 13.13469845246039
ONEWEB-0337             
1 49203U 21083T   26283.29685084 -.00000230  00000+0 -66395-3 0  9993
2 49203  87.8884 297.3149 0001925  97.7637 262.3711 13.13471169246026
ONEWEB-0338             
1 49204U 21083U   26283.19141638  .00000029  00000+0  39541-4 0  9993
2 49204  87.9171 251.5011 0001667  77.3662 282.7658 13.20769672251997
ONEWEB-0339             
1 49205U 21083V   26283.38163380 -.00000259  00000+0 -74455-3 0  9992
2 49205  87.8883 297.2910 0001734  88.2005 271.9322 13.13470259246016
ONEWEB-0340             
1 49206U 21083W   26283.31406530  .00000010  00000+0 -72773-5 0  9990
2 49206  87.9122 312.5733 0002024  95.3899 264.7464 13.18685354245140
ONEWEB-0341             
1 49207U 21083X   26283.32080071  .00000006  00000+0 -17251-4 0  9994
2 49207  87.9124 312.5713 0001972 108.2328 251.9019 13.18684418245169
ONEWEB-0342             
1 49208U 21083Y   26282.97088186 -.00000032  00000+0 -10968-3 0  9997
2 49208  87.9172 251.5348 0001854  80.9880 279.1463 13.20771965251931
ONEWEB-0343             
1 49209U 21083Z   26283.32921920  .00000035  00000+0  55454-4 0  9991
2 49209  87.9119 312.5686 0001485  95.4454 264.6848 13.18684390245216
ONEWEB-0344             
1 49210U 21083AA  26283.30037925 -.00000247  00000+0 -71146-3 0  9996
2 49210  87.8883 297.3194 0001920 104.1514 255.9829 13.13471265246008
ONEWEB-0345             
1 49211U 21083AB  26283.36809601 -.00000114  00000+0 -34727-3 0  9998
2 49211  87.8886 297.2960 0001819 102.1988 257.9345 13.13469742246026
ONEWEB-0346             
1 49212U 21083AC  26283.09823974 -.00000001  00000+0 -34747-4 0  9996
2 49212  87.9128 312.6152 0002525  93.6611 266.4810 13.18684692245124
ONEWEB-0348             
1 49213U 21083AD  26282.96078928  .00000006  00000+0 -18303-4 0  9997
2 49213  87.9169 251.5421 0002335  91.5416 268.5985 13.20772651251960
ONEWEB-0350             
1 49214U 21083AE  26283.08213917 -.00000210  00000+0 -61053-3 0  9998
2 49214  87.8880 297.3550 0001934  59.6593 300.4728 13.13471445246016
ONEWEB-0351             
1 49215U 21083AF  26282.95391379  .00000025  00000+0  30239-4 0  9998
2 49215  87.9170 251.5427 0001375  90.8022 269.3269 13.20771921251927
ONEWEB-0352             
1 49216U 21083AG  26283.28176377  .00000067  00000+0  14757-3 0  9997
2 49216  87.8887 297.3186 0001421  94.1339 265.9952 13.13469304246131
ONEWEB-0354             
1 49217U 21083AH  26282.98100277 -.00000002  00000+0 -36870-4 0  9992
2 49217  87.9168 251.5351 0002212  95.2531 264.8854 13.20772019251960
ONEWEB-0355             
1 49218U 21083AJ  26283.31136070 -.00000098  00000+0 -30291-3 0  9996
2 49218  87.8882 297.3135 0001696  96.2462 263.8860 13.13472344246016
ONEWEB-0357             
1 49219U 21083AK  26282.97767160  .00009678  00000+0  23760-1 0  9990
2 49219  87.9178 251.5306 0002210  55.9474 304.1869 13.20731092251960
ONEWEB-0332             
1 49279U 21090A   26282.99106885 -.00000094  00000+0 -28369-3 0  9994
2 49279  87.8901 266.7957 0001802  81.1791 278.9543 13.15786808242661
ONEWEB-0347             
1 49280U 21090B   26283.19479383  .00000036  00000+0  57299-4 0  9994
2 49280  87.9170 251.4946 0001857  75.8514 284.2826 13.20773473246224
ONEWEB-0349             
1 49281U 21090C   26283.60557423 -.00000008  00000+0 -51010-4 0  9999
2 49281  87.9168 251.4127 0001983  81.9839 278.1519 13.20772766245067
ONEWEB-0353             
1 49282U 21090D   26282.99731017 -.00000105  00000+0 -31658-3 0  9997
2 49282  87.8902 266.7987 0001853  78.5408 281.5930 13.14501126242667
ONEWEB-0356             
1 49283U 21090E   26283.60389707 -.00000012  00000+0 -62169-4 0  9991
2 49283  87.9173 251.4075 0002461  75.4395 284.7011 13.20771744245069
ONEWEB-0358             
1 49284U 21090F   26282.95826841  .00000034  00000+0  50623-4 0  9998
2 49284  87.9167 251.5442 0002095  84.5595 275.5778 13.20771536245706
ONEWEB-0359             
1 49285U 21090G   26282.94901406 -.00000016  00000+0 -70153-4 0  9991
2 49285  87.9168 251.5377 0002162  85.6078 274.5303 13.20771195245689
ONEWEB-0360             
1 49286U 21090H   26283.62071412  .00000069  00000+0  13831-3 0  9998
2 49286  87.9168 251.4092 0001925  85.0746 275.0607 13.20770693245084
ONEWEB-0361             
1 49287U 21090J   26283.60219733 -.00000022  00000+0 -85237-4 0  9998
2 49287  87.9172 251.4125 0002063  83.8107 276.3261 13.20770689245533
ONEWEB-0362             
1 49288U 21090K   26283.26712163 -.00000135  00000+0 -36866-3 0  9994
2 49288  87.9091 282.0342 0001738  94.6149 265.5183 13.19721991242090
ONEWEB-0363             
1 49289U 21090L   26283.61735335 -.00000016  00000+0 -71114-4 0  9994
2 49289  87.9167 251.4087 0002274  78.0199 282.1189 13.20772439245547
ONEWEB-0364             
1 49290U 21090M   26283.20153163 -.00000044  00000+0 -13940-3 0  9997
2 49290  87.9168 251.4989 0001936  81.6715 278.4638 13.20770107246626
ONEWEB-0365             
1 49291U 21090N   26283.27648558  .00003895  00000+0  96838-2 0  9993
2 49291  87.9085 282.0261 0001984  88.2779 271.8581 13.19785982241606
ONEWEB-0366             
1 49292U 21090P   26283.29840274 -.00000431  00000+0 -11977-2 0  9991
2 49292  87.8905 266.7393 0001935  86.9261 273.2091 13.14503227242685
ONEWEB-0367             
1 49293U 21090Q   26283.61650910  .00000035  00000+0  53106-4 0  9994
2 49293  87.9169 251.4115 0001805  81.6391 278.4947 13.20770822245060
ONEWEB-0368             
1 49294U 21090R   26283.21162382 -.00000030  00000+0 -10605-3 0  9995
2 49294  87.9169 251.4961 0002160  63.5333 296.6022 13.20773390246161
ONEWEB-0369             
1 49295U 21090S   26283.04432338  .00004842  00000+0  12047-1 0  9991
2 49295  87.9091 282.0754 0002214  80.2364 279.9019 13.19773812241562
ONEWEB-0370             
1 49296U 21090T   26283.62576606  .00000037  00000+0  59961-4 0  9994
2 49296  87.9167 251.4075 0001900  90.7781 269.3570 13.20773194245107
ONEWEB-0371             
1 49297U 21090U   26283.27971007  .00003189  00000+0  79247-2 0  9998
2 49297  87.9053 282.0265 0002563 100.0422 260.1000 13.19764458241638
ONEWEB-0372             
1 49298U 21090V   26283.61552907  .00000024  00000+0  26839-4 0  9997
2 49298  87.9169 251.4122 0001940  80.9757 279.1596 13.20772283245073
ONEWEB-0373             
1 49299U 21090W   26282.65608209  .00000013  00000+0 -52628-6 0  9994
2 49299  87.9166 251.6027 0002044  83.8618 276.2748 13.20770526246134
ONEWEB-0374             
1 49300U 21090X   26282.98040733 -.00000151  00000+0 -44212-3 0  9996
2 49300  87.8912 266.7992 0002509  83.6347 276.5069 13.14504060242648
ONEWEB-0375             
1 49301U 21090Y   26282.94733193  .00000022  00000+0  22924-4 0  9994
2 49301  87.9168 251.5368 0002542  82.9957 277.1465 13.20771039245670
ONEWEB-0376             
1 49302U 21090Z   26283.27812679  .00000902  00000+0  22198-2 0  9997
2 49302  87.9092 282.0258 0001665  90.5863 269.5461 13.19753391241632
ONEWEB-0377             
1 49303U 21090AA  26283.61580427  .00000012  00000+0 -20485-5 0  9992
2 49303  87.9169 251.4059 0002245  80.0016 280.1370 13.20769940245750
ONEWEB-0378             
1 49304U 21090AB  26283.18146400  .00000054  00000+0  10105-3 0  9995
2 49304  87.9169 251.4952 0002075  79.7361 280.4006 13.20770221244967
ONEWEB-0379             
1 49305U 21090AC  26283.27981460 -.00000081  00000+0 -25358-3 0  9997
2 49305  87.8906 266.7441 0001991  82.3734 277.7622 13.14503443242681
ONEWEB-0380             
1 49306U 21090AD  26283.27490937  .00004658  00000+0  11586-1 0  9990
2 49306  87.9071 282.0255 0002249  95.6346 264.5044 13.19785972241600
ONEWEB-0381             
1 49307U 21090AE  26283.61229729  .00000032  00000+0  47712-4 0  9993
2 49307  87.9170 251.4117 0002213  82.2860 277.8525 13.20770506245066
ONEWEB-0382             
1 49308U 21090AF  26282.99276283 -.00000033  00000+0 -11193-3 0  9997
2 49308  87.9168 251.5296 0002230  81.0720 279.0665 13.20769722244970
ONEWEB-0383             
1 49309U 21090AG  26282.96855924  .00000042  00000+0  78498-4 0  9990
2 49309  87.8907 266.8004 0002020  82.5439 277.5921 13.14503518242672
ONEWEB-0384             
1 49310U 21090AH  26282.97754237 -.00000006  00000+0 -47766-4 0  9994
2 49310  87.9167 251.5741 0002402  69.5946 290.5445 13.20818980244985
ONEWEB-0385             
1 49311U 21090AJ  26282.98602209 -.00003472  00000+0 -85714-2 0  9990
2 49311  87.9166 251.5353 0002282  79.0033 281.1357 13.20788830244958
ONEWEB-0386             
1 49312U 21090AK  26283.60892476 -.00000030  00000+0 -10628-3 0  9998
2 49312  87.9171 251.4049 0002097  74.2598 285.8767 13.20770422245059
ONEWEB-0387             
1 49313U 21090AL  26282.91195986  .00000002  00000+0 -27919-4 0  9994
2 49313  87.9170 251.5588 0002258  87.1783 272.9609 13.20770286244965
ONEWEB-0388             
1 49314U 21090AM  26283.04278070  .00004647  00000+0  11562-1 0  9998
2 49314  87.9108 282.0708 0001863  91.4587 268.6759 13.19763260241564
ONEWEB-0389             
1 50469U 21132A   26283.46981928  .00000048  00000+0  90158-4 0  9999
2 50469  87.9173 342.9811 0002073  93.0601 267.0768 13.17647950233265
ONEWEB-0390             
1 50470U 21132B   26283.16778168  .00000084  00000+0  18257-3 0  9997
2 50470  87.9176 343.0416 0001794 110.4256 249.7068 13.17649762233221
ONEWEB-0391             
1 50471U 21132C   26283.39726955  .00000003  00000+0 -25545-4 0  9991
2 50471  87.9171 343.0048 0002659 108.2459 251.8962 13.17648462233255
ONEWEB-0392             
1 50472U 21132D   26283.42764536  .00000060  00000+0  12047-3 0  9997
2 50472  87.9182 342.9768 0002291 100.5156 259.6234 13.17648493233292
ONEWEB-0393             
1 50473U 21132E   26283.40317511  .00000047  00000+0  87521-4 0  9998
2 50473  87.9175 342.9897 0002037  99.7148 260.4214 13.17649229233281
ONEWEB-0394             
1 50474U 21132F   26283.12690125  .00000047  00000+0  86442-4 0  9994
2 50474  87.9127 312.5995 0002009  91.8274 268.3089 13.18686853236749
ONEWEB-0395             
1 50475U 21132G   26283.45159951  .00000096  00000+0  23505-3 0  9992
2 50475  87.8962 358.1630 0001905 107.4819 252.6517 13.11414120230825
ONEWEB-0396             
1 50476U 21132H   26283.42365504  .00000089  00000+0  19320-3 0  9995
2 50476  87.9122 312.5513 0002104  92.0701 268.0672 13.18684530236820
ONEWEB-0397             
1 50477U 21132J   26283.43884043  .00000056  00000+0  11008-3 0  9990
2 50477  87.9123 312.5489 0002057  88.5134 271.6234 13.18686975236808
ONEWEB-0398             
1 50478U 21132K   26283.49555392  .00000211  00000+0  55816-3 0  9997
2 50478  87.8970 358.1534 0001743 111.2532 248.8783 13.11419634230721
ONEWEB-0399             
1 50479U 21132L   26283.25307481 -.00000165  00000+0 -50196-3 0  9992
2 50479  87.8964 358.2069 0002279  98.1980 261.9407 13.11416994230684
ONEWEB-0400             
1 50480U 21132M   26283.34103632  .00000100  00000+0  22196-3 0  9992
2 50480  87.9128 312.5603 0001826  99.2663 260.8676 13.18687756236789
ONEWEB-0401             
1 50481U 21132N   26283.38657576  .00000043  00000+0  75273-4 0  9999
2 50481  87.9128 312.5497 0001836  87.1057 273.0286 13.18686188236797
ONEWEB-0402             
1 50482U 21132P   26283.34946708  .00000063  00000+0  12701-3 0  9992
2 50482  87.9128 312.5449 0001928  80.6497 279.4853 13.18685102236811
ONEWEB-0403             
1 50483U 21132Q   26283.14713894  .00000028  00000+0  38065-4 0  9992
2 50483  87.9122 312.6074 0002050  96.3442 263.7924 13.18685596236746
ONEWEB-0404             
1 50484U 21132R   26283.23443215 -.00000392  00000+0 -11413-2 0  9992
2 50484  87.8966 358.2104 0002159 104.5718 255.5650 13.11417045230777
ONEWEB-0405             
1 50485U 21132S   26283.38824699  .00000075  00000+0  15666-3 0  9999
2 50485  87.9129 312.5490 0001690 107.5096 252.6221 13.18687760237175
ONEWEB-0406             
1 50486U 21132T   26283.37981684  .00000013  00000+0  13926-5 0  9998
2 50486  87.9121 312.5601 0002405  97.4482 262.6924 13.18684613236807
ONEWEB-0407             
1 50487U 21132U   26283.37306241  .00000073  00000+0  15124-3 0  9995
2 50487  87.9129 312.5583 0001720  92.7879 267.3450 13.18684327236743
ONEWEB-0409             
1 50488U 21132V   26283.46162588 -.00000346  00000+0 -10132-2 0  9998
2 50488  87.8967 358.1569 0002070 107.0379 253.0976 13.11416563230698
ONEWEB-0412             
1 50489U 21132W   26283.36126300  .00000080  00000+0  17089-3 0  9992
2 50489  87.9120 312.5634 0001854  84.4928 275.6415 13.18684557236832
ONEWEB-0413             
1 50490U 21132X   26283.13870497 -.00000002  00000+0 -37195-4 0  9999
2 50490  87.9127 312.6076 0001736  85.2443 274.8888 13.18685422236749
ONEWEB-0414             
1 50491U 21132Y   26283.42702762  .00000136  00000+0  31104-3 0  9990
2 50491  87.9131 312.5357 0001990  89.6209 270.5151 13.18687326236815
ONEWEB-0417             
1 50492U 21132Z   26283.43546446  .00000126  00000+0  28652-3 0  9990
2 50492  87.9129 312.5482 0002117  97.0620 263.0753 13.18685015236799
ONEWEB-0418             
1 50493U 21132AA  26283.14193453  .00000065  00000+0  13277-3 0  9994
2 50493  87.9120 312.6073 0002147 103.4172 256.7200 13.18687881236817
ONEWEB-0419             
1 50494U 21132AB  26283.10752966  .00000032  00000+0  47406-4 0  9997
2 50494  87.9127 312.6292 0002073 101.4790 258.6575 13.18687664236725
ONEWEB-0420             
1 50495U 21132AC  26283.35283693  .00000136  00000+0  31294-3 0  9993
2 50495  87.9121 312.5629 0001718  93.0841 267.0488 13.18684741236754
ONEWEB-0421             
1 50496U 21132AD  26283.42196998  .00000079  00000+0  16736-3 0  9993
2 50496  87.9129 312.5514 0002094  85.1441 274.9930 13.18684521236803
ONEWEB-0424             
1 50497U 21132AE  26283.38319312  .00000041  00000+0  70117-4 0  9999
2 50497  87.9122 312.5594 0001897 110.3517 249.7820 13.18684573236827
ONEWEB-0426             
1 50498U 21132AF  26283.33597753  .00000071  00000+0  14654-3 0  9998
2 50498  87.9132 312.5601 0002634  91.8673 268.2761 13.18685364236766
ONEWEB-0427             
1 50499U 21132AG  26283.38151018 -.00000025  00000+0 -95153-4 0  9999
2 50499  87.9127 312.5432 0002084  96.0237 264.1133 13.18686575236791
ONEWEB-0429             
1 50500U 21132AH  26283.14039223  .00000016  00000+0  85303-5 0  9994
2 50500  87.9117 312.6066 0001764  92.7745 267.3589 13.18684392236737
ONEWEB-0430             
1 50501U 21132AJ  26283.35620488  .00000080  00000+0  16936-3 0  9992
2 50501  87.9119 312.5626 0001637  93.9569 266.1750 13.18684220236802
ONEWEB-0432             
1 50502U 21132AK  26283.33920731  .00000032  00000+0  48816-4 0  9995
2 50502  87.9127 312.5586 0001680 106.9901 253.1415 13.18687119236758
ONEWEB-0440             
1 50503U 21132AL  26283.37645226  .00000075  00000+0  15755-3 0  9995
2 50503  87.9123 312.5606 0001814  84.0315 276.1024 13.18684859236751
ONEWEB-0450             
1 50504U 21132AM  26283.36983537  .00000052  00000+0  10031-3 0  9992
2 50504  87.9130 312.5604 0001729  94.2504 265.8826 13.18684740236783
ONEWEB-0410             
1 51622U 22012A   26283.48839931  .00000050  00000+0  95024-4 0  9997
2 51622  87.9175 342.9720 0003214 100.7672 259.3821 13.17648294228888
ONEWEB-0411             
1 51623U 22012B   26283.54223337  .00000549  00000+0  15351-2 0  9998
2 51623  87.8919  13.3218 0001409 113.3903 246.7372 13.10375203224399
ONEWEB-0415             
1 51624U 22012C   26283.53884168  .00000356  00000+0  98373-3 0  9995
2 51624  87.8926  13.3204 0001838 113.5654 246.5667 13.10375564224399
ONEWEB-0416             
1 51625U 22012D   26283.55073745  .00000708  00000+0  19910-2 0  9999
2 51625  87.8914  13.3279 0001814 115.0053 245.1263 13.10373128224439
ONEWEB-0422             
1 51626U 22012E   26283.19477440  .00000101  00000+0  22732-3 0  9994
2 51626  87.9175 343.0286 0001434  84.5099 275.6196 13.17649468228953
ONEWEB-0423             
1 51627U 22012F   26283.18802329  .00000059  00000+0  11899-3 0  9996
2 51627  87.9173 343.0328 0001979  99.0121 261.1234 13.17649573228848
ONEWEB-0425             
1 51628U 22012G   26283.48454336  .00000414  00000+0  11497-2 0  9999
2 51628  87.8920  13.3299 0002197 105.4303 254.7068 13.10369497224429
ONEWEB-0428             
1 51629U 22012H   26283.54053215  .00000499  00000+0  13940-2 0  9996
2 51629  87.8918  13.3205 0001762 101.8678 258.2647 13.10377214224390
ONEWEB-0431             
1 51630U 22012J   26283.50984180 -.00000656  00000+0 -19153-2 0  9997
2 51630  87.8924  13.3255 0001324 117.2310 242.8953 13.10371928224443
ONEWEB-0434             
1 51631U 22012K   26283.48806318  .00000338  00000+0  93270-3 0  9999
2 51631  87.8919  13.3549 0002634 104.3540 255.7880 13.10390458224420
ONEWEB-0435             
1 51632U 22012L   26283.49470979 -.00000004  00000+0 -47118-4 0  9994
2 51632  87.8912  13.3336 0001470  98.6363 261.4931 13.10369514224412
ONEWEB-0436             
1 51633U 22012M   26283.17957545  .00000056  00000+0  11006-3 0  9990
2 51633  87.9187 343.0256 0001771  92.7296 267.4038 13.17647998228821
ONEWEB-0438             
1 51634U 22012N   26283.55581385  .00000634  00000+0  17812-2 0  9990
2 51634  87.8914  13.3252 0002005 104.8843 255.2506 13.10373140224454
ONEWEB-0439             
1 51635U 22012P   26283.55920867  .00000543  00000+0  15195-2 0  9994
2 51635  87.8922  13.3163 0001944 100.9684 259.1663 13.10370437224437
ONEWEB-0442             
1 51636U 22012Q   26283.47573290  .00000006  00000+0 -18103-4 0  9999
2 51636  87.9174 342.9898 0002446 101.4023 258.7383 13.17648218228851
ONEWEB-0443             
1 51637U 22012R   26283.41920703  .00000073  00000+0  15380-3 0  9995
2 51637  87.9173 343.0005 0002011  90.0850 270.0512 13.17648624228898
ONEWEB-0444             
1 51638U 22012S   26283.54903771  .00002229  00000+0  63476-2 0  9999
2 51638  87.8920  13.3169 0001827  95.3095 264.8241 13.10366667224443
ONEWEB-0445             
1 51639U 22012T   26283.49302292 -.00000002  00000+0 -42748-4 0  9995
2 51639  87.8920  13.3214 0001805 107.2394 252.8931 13.10369987224447
ONEWEB-0446             
1 51640U 22012U   26283.54732968  .00000620  00000+0  17396-2 0  9993
2 51640  87.8914  13.3293 0001904 112.3153 247.8177 13.10374275224430
ONEWEB-0448             
1 51641U 22012V   26283.55243031  .00000708  00000+0  19917-2 0  9991
2 51641  87.8914  13.3242 0001829 102.3613 257.7719 13.10372931224407
ONEWEB-0449             
1 51642U 22012W   26283.63386801  .00000599  00000+0  16785-2 0  9992
2 51642  87.8921  13.3011 0002297 106.2237 253.9143 13.10371211224426
ONEWEB-0451             
1 51643U 22012X   26283.47994170  .00000035  00000+0  56949-4 0  9992
2 51643  87.9185 342.9645 0002114  98.8958 261.2413 13.17650049228846
ONEWEB-0452             
1 51644U 22012Y   26283.47828057  .00000081  00000+0  17460-3 0  9998
2 51644  87.9171 342.9882 0002194  92.4142 267.7241 13.17649411228850
ONEWEB-0456             
1 51646U 22012AA  26283.56598483  .00000217  00000+0  58682-3 0  9999
2 51646  87.8921  13.3080 0001712  99.7947 260.3374 13.10369107224453
ONEWEB-0457             
1 51647U 22012AB  26283.54378522  .00000555  00000+0  15542-2 0  9990
2 51647  87.8924  13.3219 0001857 116.8263 243.3054 13.10380162224453
ONEWEB-0458             
1 51648U 22012AC  26283.55159765  .00000711  00000+0  20013-2 0  9991
2 51648  87.8919  13.3028 0001942  96.3358 263.7990 13.10373989224418
ONEWEB-0461             
1 51649U 22012AD  26283.50019740  .00000061  00000+0  12362-3 0  9992
2 51649  87.9177 342.9687 0001964 102.5717 257.5634 13.17648014229075
ONEWEB-0463             
1 51650U 22012AE  26283.40571177  .00000079  00000+0  16922-3 0  9995
2 51650  87.9171 343.0020 0001837 107.8487 252.2845 13.17648911228841
ONEWEB-0464             
1 51651U 22012AF  26283.56258371  .00000412  00000+0  11424-2 0  9993
2 51651  87.8908  13.3229 0001915  97.1643 262.9702 13.10391086224431
ONEWEB-0468             
1 51652U 22012AG  26283.49133778  .00000147  00000+0  38545-3 0  9998
2 51652  87.8912  13.3306 0001538  98.1327 261.9975 13.10372310224401
ONEWEB-0473             
1 51653U 22012AH  26283.55411030  .00000644  00000+0  18079-2 0  9997
2 51653  87.8910  13.3185 0001727 102.4339 257.6982 13.10376360224417
ONEWEB-0474             
1 51654U 22012AJ  26283.54563698  .00000637  00000+0  17893-2 0  9990
2 51654  87.8925  13.3169 0001736  96.8157 263.3168 13.10373731224408
ONEWEB-0475             
1 51655U 22012AK  26283.18971175  .00000068  00000+0  14140-3 0  9995
2 51655  87.9175 343.0412 0001863  80.7012 279.4330 13.17650020228830
ONEWEB-0490             
1 54113U 22138A   26283.30027640  .00001184  00000+0  29235-2 0  9999
2 54113  87.9093 282.0216 0001674  84.4144 275.7180 13.19737080192018
ONEWEB-0492             
1 54114U 22138B   26283.24982644 -.00006500  00000+0 -16294-1 0  9996
2 54114  87.9100 282.0327 0001561  93.0621 267.0690 13.19670227192011
ONEWEB-0495             
1 54115U 22138C   26283.00017800  .00000201  00000+0  46935-3 0  9991
2 54115  87.9088 282.0798 0001414  71.7183 288.4103 13.19728381191966
ONEWEB-0497             
1 54116U 22138D   26283.24029335 -.00002541  00000+0 -63826-2 0  9992
2 54116  87.9103 282.0331 0001816  82.4063 277.7276 13.19700940191985
ONEWEB-0499             
1 54117U 22138E   26283.29948220  .00000983  00000+0  24227-2 0  9999
2 54117  87.9091 282.0231 0001682  83.5203 276.6121 13.19742066192006
ONEWEB-0500             
1 54118U 22138F   26283.30186317  .00000442  00000+0  10709-2 0  9993
2 54118  87.9096 282.0214 0001706  86.6586 273.4742 13.19734493192018
ONEWEB-0501             
1 54119U 22138G   26283.33193774 -.00006161  00000+0 -15443-1 0  9997
2 54119  87.9094 282.0157 0001464  79.0105 281.1192 13.19676749191997
ONEWEB-0502             
1 54120U 22138H   26283.24189079 -.00003438  00000+0 -86270-2 0  9993
2 54120  87.9087 282.0238 0001453  92.4386 267.6913 13.19699061192004
ONEWEB-0503             
1 54121U 22138J   26283.07917435 -.00000652  00000+0 -16619-2 0  9995
2 54121  87.9105 282.0645 0002255  89.7009 270.4382 13.19716540191979
ONEWEB-0504             
1 54122U 22138K   26283.29393818  .00002771  00000+0  68830-2 0  9997
2 54122  87.9087 282.0232 0001591  77.0652 283.0659 13.19753862192018
ONEWEB-0505             
1 54123U 22138L   26283.06332737  .00003573  00000+0  88854-2 0  9995
2 54123  87.9172 282.0772 0001554  16.9788 343.1396 13.19744534191969
ONEWEB-0506             
1 54124U 22138M   26283.26554319  .00000203  00000+0  47364-3 0  9999
2 54124  87.9100 282.0286 0001658  80.7623 279.3697 13.19728061191986
ONEWEB-0507             
1 54125U 22138N   26283.28603067  .00002385  00000+0  59221-2 0  9994
2 54125  87.9095 282.0273 0001862  85.6295 274.5050 13.19744851192034
ONEWEB-0508             
1 54126U 22138P   26283.28282345  .00005675  00000+0  14121-1 0  9991
2 54126  87.9108 282.0294 0001590  82.9429 277.1885 13.19786906192010
ONEWEB-0509             
1 54127U 22138Q   26283.25774431 -.00008424  00000+0 -21114-1 0  9998
2 54127  87.9102 282.0321 0001598  89.9550 270.1765 13.19656190191982
ONEWEB-0510             
1 54128U 22138R   26283.20658478 -.00000046  00000+0 -14459-3 0  9994
2 54128  87.9171 251.4872 0002308  88.7244 271.4154 13.20771038194460
ONEWEB-0511             
1 54129U 22138S   26283.25457368 -.00006083  00000+0 -15254-1 0  9994
2 54129  87.9136 282.0321 0001819  92.0735 268.0606 13.19652883192017
ONEWEB-0512             
1 54130U 22138T   26283.24663781 -.00003786  00000+0 -94990-2 0  9995
2 54130  87.9092 282.0329 0001383  79.6946 280.4342 13.19692092191985
ONEWEB-0513             
1 54131U 22138U   26283.28089753  .00000010  00000+0 -67315-5 0  9991
2 54131  87.9092 281.9532 0001927  59.8470 300.2854 13.20261935191907
ONEWEB-0514             
1 54132U 22138V   26283.26242622 -.00003732  00000+0 -93633-2 0  9990
2 54132  87.9089 282.0301 0002078  89.1255 271.0116 13.19692566192009
ONEWEB-0515             
1 54133U 22138W   26282.96584088  .00000008  00000+0 -11439-4 0  9990
2 54133  87.9171 251.5345 0002004 107.3747 252.7606 13.20772591194459
ONEWEB-0516             
1 54134U 22138X   26283.00965394 -.00000021  00000+0 -85672-4 0  9996
2 54134  87.9092 282.0814 0001730  89.5065 270.6266 13.19724077191970
ONEWEB-0517             
1 54135U 22138Y   26283.29236752  .00001568  00000+0  38818-2 0  9990
2 54135  87.9099 282.0241 0001976  84.2521 275.8837 13.19743728192014
ONEWEB-0518             
1 54136U 22138Z   26283.00808916  .00000056  00000+0  10801-3 0  9991
2 54136  87.9094 282.0831 0001707  92.8252 267.3076 13.19725466191977
ONEWEB-0519             
1 54137U 22138AA  26283.26089865 -.00009500  00000+0 -23814-1 0  9995
2 54137  87.9086 282.0269 0003189  92.4851 267.6647 13.19644560192019
ONEWEB-0520             
1 54138U 22138AB  26283.29553333  .00001620  00000+0  40135-2 0  9994
2 54138  87.9095 282.0240 0001594  82.0706 278.0608 13.19742070192008
ONEWEB-0521             
1 54139U 22138AC  26283.25299413 -.00007357  00000+0 -18441-1 0  9996
2 54139  87.9107 282.0263 0001992  86.9275 273.2085 13.19661034191942
ONEWEB-0522             
1 54140U 22138AD  26283.08073070 -.00000028  00000+0 -10259-3 0  9997
2 54140  87.9102 282.0617 0001811  83.2780 276.8559 13.19723778191964
ONEWEB-0523             
1 54141U 22138AE  26283.17963696  .00000065  00000+0  12773-3 0  9992
2 54141  87.9169 251.4985 0002510  97.5819 262.5599 13.20770162194481
ONEWEB-0524             
1 54142U 22138AF  26283.62408230  .00000068  00000+0  13487-3 0  9997
2 54142  87.9169 251.4060 0001781 108.5185 251.6142 13.20770391194548
ONEWEB-0525             
1 54143U 22138AG  26283.25139685 -.00004282  00000+0 -10740-1 0  9993
2 54143  87.9090 282.0342 0001009  66.1292 293.9946 13.19685351192005
ONEWEB-0526             
1 54144U 22138AH  26283.28443755  .00004786  00000+0  11909-1 0  9998
2 54144  87.9092 282.0252 0001717  89.7971 270.3359 13.19769890191983
ONEWEB-0529             
1 54145U 22138AJ  26283.28760164  .00003791  00000+0  94292-2 0  9997
2 54145  87.9087 282.0266 0001644  85.8250 274.3070 13.19760487192000
ONEWEB-0531             
1 54146U 22138AK  26283.61060812  .00000006  00000+0 -16730-4 0  9998
2 54146  87.9169 251.4061 0002310  94.7628 265.3769 13.20770220194548
ONEWEB-0535             
1 54147U 22138AL  26283.24506850 -.00004704  00000+0 -11795-1 0  9998
2 54147  87.9105 282.0302 0002206  93.3077 266.8308 13.19681495192012
ONEWEB-0536             
1 54148U 22138AM  26282.99109568 -.00000009  00000+0 -53677-4 0  9997
2 54148  87.9168 251.5437 0002293 106.7179 253.4206 13.20769932194454
ONEWEB-0527             
1 54642U 22166A   26283.61372810  .00000068  00000+0  13417-3 0  9999
2 54642  87.9316 221.0297 0001887  73.9095 286.2247 13.21824805186782
ONEWEB-0528             
1 54643U 22166B   26283.23601518  .00000060  00000+0  11338-3 0  9990
2 54643  87.9310 221.1081 0001731  71.0215 289.1106 13.21827243186741
ONEWEB-0539             
1 54644U 22166C   26283.57664871  .00000038  00000+0  60514-4 0  9995
2 54644  87.9324 221.0199 0002071  70.6874 289.4484 13.21824180186783
ONEWEB-0540             
1 54645U 22166D   26283.58352529 -.00000086  00000+0 -23857-3 0  9994
2 54645  87.9310 221.0401 0002069  77.4662 282.6703 13.21824478186770
ONEWEB-0542             
1 54646U 22166E   26283.20827515 -.00000029  00000+0 -10098-3 0  9996
2 54646  87.9322 221.0930 0002147  71.4571 288.6796 13.21825280186737
ONEWEB-0545             
1 54647U 22166F   26283.55142761  .00000019  00000+0  14912-4 0  9995
2 54647  87.9311 221.0273 0002566  73.7683 286.3733 13.21824622186746
ONEWEB-0580             
1 54648U 22166G   26283.52619359 -.00000001  00000+0 -34874-4 0  9997
2 54648  87.9317 221.0328 0002301  77.0081 283.1310 13.21823919186788
ONEWEB-0582             
1 54649U 22166H   26283.56825302 -.00000031  00000+0 -10600-3 0  9992
2 54649  87.9322 221.0203 0002367  70.9794 289.1596 13.21824867186765
ONEWEB-0583             
1 54650U 22166J   26283.58003120  .00000040  00000+0  66313-4 0  9993
2 54650  87.9316 221.0380 0002030  74.3666 285.7692 13.21826024186776
ONEWEB-0584             
1 54651U 22166K   26283.52451024 -.00000032  00000+0 -10822-3 0  9994
2 54651  87.9311 221.0316 0002016  75.6522 284.4836 13.21824797186759
ONEWEB-0585             
1 54652U 22166L   26283.54805541  .00000024  00000+0  27556-4 0  9996
2 54652  87.9323 221.0213 0001754  74.4157 285.7171 13.21824326186763
ONEWEB-0586             
1 54653U 22166M   26283.56153759  .00000097  00000+0  20229-3 0  9995
2 54653  87.9316 221.0402 0002197  72.1614 287.9759 13.21825612186766
ONEWEB-0587             
1 54654U 22166N   26283.57161611 -.00000032  00000+0 -10950-3 0  9994
2 54654  87.9325 221.0232 0001627  78.8105 281.3212 13.21824802186923
ONEWEB-0589             
1 54655U 22166P   26283.55815462 -.00000032  00000+0 -10930-3 0  9991
2 54655  87.9317 221.0237 0002772  72.7160 287.4277 13.21823911186788
ONEWEB-0590             
1 54656U 22166Q   26283.58326222 -.00000058  00000+0 -17212-3 0  9994
2 54656  87.9324 221.0195 0002125  87.8760 272.2617 13.21826274186779
ONEWEB-0591             
1 54657U 22166R   26283.59514907  .00000021  00000+0  18494-4 0  9997
2 54657  87.9315 221.0220 0001998  76.2321 283.9036 13.21824027186803
ONEWEB-0592             
1 54658U 22166S   26283.52282869 -.00000007  00000+0 -47854-4 0  9998
2 54658  87.9321 221.0245 0001950  72.3825 287.7522 13.21827664186679
ONEWEB-0593             
1 54659U 22166T   26283.54469225  .00000029  00000+0  37567-4 0  9996
2 54659  87.9321 221.0261 0001995  70.5593 289.5756 13.21826772186789
ONEWEB-0594             
1 54660U 22166U   26283.56489514  .00000074  00000+0  14665-3 0  9996
2 54660  87.9311 221.0343 0001751  73.4745 286.6581 13.21824607186804
ONEWEB-0595             
1 54661U 22166V   26283.54133110 -.00000001  00000+0 -34709-4 0  9997
2 54661  87.9322 221.0296 0001790  79.6345 280.4991 13.21824167186775
ONEWEB-0596             
1 54662U 22166W   26283.59180642  .00000029  00000+0  37670-4 0  9993
2 54662  87.9313 221.0231 0001876  75.1576 284.9766 13.21825164186785
ONEWEB-0597             
1 54663U 22166X   26283.57329033  .00000046  00000+0  79216-4 0  9992
2 54663  87.9313 221.0282 0002018  73.6662 286.4694 13.21824586186784
ONEWEB-0600             
1 54664U 22166Y   26283.55478660  .00000040  00000+0  64588-4 0  9992
2 54664  87.9320 221.0247 0001942  68.1326 292.0014 13.21824096186757
ONEWEB-0601             
1 54665U 22166Z   26283.54638878  .00000013  00000+0 -31634-6 0  9990
2 54665  87.9308 221.0408 0002202  72.2199 287.9175 13.21826444186948
ONEWEB-0602             
1 54666U 22166AA  26283.58759996 -.00000021  00000+0 -83209-4 0  9993
2 54666  87.9312 221.0367 0001913  68.4145 291.7192 13.21825215186794
ONEWEB-0603             
1 54667U 22166AB  26283.51779726  .00000073  00000+0  14465-3 0  9992
2 54667  87.9325 221.0207 0001982  75.4296 284.7058 13.21826061186718
ONEWEB-0604             
1 54668U 22166AC  26283.58169171 -.00000032  00000+0 -10938-3 0  9995
2 54668  87.9316 221.0199 0001856  75.0916 285.0423 13.21823868186682
ONEWEB-0605             
1 54669U 22166AD  26283.57498463 -.00000068  00000+0 -19665-3 0  9999
2 54669  87.9319 221.0287 0002493  82.2680 277.8737 13.21825829186754
ONEWEB-0606             
1 54670U 22166AE  26283.52115478 -.00000047  00000+0 -14534-3 0  9995
2 54670  87.9316 221.0514 0001761  71.8557 288.2768 13.21825643186800
ONEWEB-0607             
1 54671U 22166AF  26283.56319225 -.00000008  00000+0 -49732-4 0  9992
2 54671  87.9321 221.0215 0001991  74.5646 285.5707 13.21823665186781
ONEWEB-0608             
1 54672U 22166AG  26283.56993605  .00000096  00000+0  20131-3 0  9999
2 54672  87.9322 221.0208 0002430  75.3100 284.8304 13.21824610186795
ONEWEB-0610             
1 54673U 22166AH  26283.54973621  .00000028  00000+0  35694-4 0  9990
2 54673  87.9314 221.0271 0002471  68.5120 291.6277 13.21824963186693
ONEWEB-0611             
1 54674U 22166AJ  26283.54302453  .00000046  00000+0  80906-4 0  9996
2 54674  87.9321 221.0268 0001887  75.0291 285.1051 13.21825435186682
ONEWEB-0612             
1 54675U 22166AK  26283.25368334  .00000079  00000+0  16087-3 0  9999
2 54675  87.9318 221.0870 0002053  73.4186 286.7174 13.21823867186634
ONEWEB-0615             
1 54676U 22166AL  26283.61199682  .00000054  00000+0  98421-4 0  9994
2 54676  87.9310 221.0217 0001667  72.5129 287.6187 13.21825138186692
ONEWEB-0655             
1 54677U 22166AM  26283.20994802 -.00000007  00000+0 -48344-4 0  9996
2 54677  87.9316 221.1025 0001989  68.3577 291.7769 13.21824919186636
ONEWEB-0659             
1 54678U 22166AN  26283.52955520  .00000024  00000+0  26194-4 0  9992
2 54678  87.9311 221.0373 0001852  78.9250 281.2092 13.21824452186760
ONEWEB-0685             
1 54679U 22166AP  26283.52199625  .00000001  00000+0 -27979-4 0  9997
2 54679  87.9312 220.9894 0002398  83.1393 277.0014 13.23189109186661
ONEWEB-0712             
1 54680U 22166AQ  26283.57540349 -.00000008  00000+0 -53280-4 0  9999
2 54680  87.9184 205.8800 0001867  57.5538 302.5773 13.16595055187249
ONEWEB-0714             
1 54681U 22166AR  26283.61030150  .00000030  00000+0  42005-4 0  9995
2 54681  87.9319 221.0145 0001839  66.1499 293.9828 13.21824503186784
ONEWEB-0532             
1 55140U 23004A   26283.45548876  .00000023  00000+0  26894-4 0  9999
2 55140  87.9175 342.9787 0002094 106.3731 253.7631 13.17648475182767
ONEWEB-0533             
1 55141U 23004B   26283.11812656  .00000405  00000+0  10895-2 0  9999
2 55141  87.8942 327.8499 0002081  94.9068 265.2298 13.12443016183130
ONEWEB-0541             
1 55142U 23004C   26283.46672447 -.00000431  00000+0 -12523-2 0  9991
2 55142  87.8966 358.1592 0001818 109.1657 250.9668 13.11417615181054
ONEWEB-0543             
1 55143U 23004D   26283.34440189  .00000072  00000+0  14957-3 0  9998
2 55143  87.9118 312.5739 0001721  89.0775 271.0554 13.18684726184879
ONEWEB-0544             
1 55144U 23004E   26283.33765981  .00000029  00000+0  42002-4 0  9993
2 55144  87.9122 312.5752 0001684  95.5227 264.6097 13.18684233184875
ONEWEB-0560             
1 55145U 23004F   26283.40679697  .00000086  00000+0  18499-3 0  9995
2 55145  87.9119 312.5512 0001594  94.0181 266.1133 13.18687231184890
ONEWEB-0565             
1 55146U 23004G   26283.32418429  .00000016  00000+0  73734-5 0  9999
2 55146  87.9113 312.5857 0001786 105.8184 254.3146 13.18685395184874
ONEWEB-0567             
1 55147U 23004H   26283.39330012  .00000090  00000+0  19438-3 0  9999
2 55147  87.9116 312.5652 0001686 103.2600 256.8720 13.18687660184888
ONEWEB-0569             
1 55148U 23004J   26283.34100418  .00000392  00000+0  10372-2 0  9992
2 55148  87.8888 297.3024 0000970  99.7824 260.3415 13.13470814185292
ONEWEB-0570             
1 55149U 23004K   26283.38486709 -.00000120  00000+0 -33631-3 0  9992
2 55149  87.9117 312.5643 0002285 101.3967 258.7422 13.18685625184870
ONEWEB-0571             
1 55150U 23004L   26283.37813206  .00000082  00000+0  17535-3 0  9999
2 55150  87.9115 312.5646 0001406 136.8329 223.2914 13.18687102184888
ONEWEB-0572             
1 55151U 23004M   26283.41077065  .00000056  00000+0  11194-3 0  9996
2 55151  87.9179 342.9900 0001905 104.1509 255.9834 13.17648294182655
ONEWEB-0573             
1 55152U 23004N   26283.37136936  .00000051  00000+0  97361-4 0  9991
2 55152  87.9117 312.5688 0001616 121.9420 238.1870 13.18687655184876
ONEWEB-0588             
1 55153U 23004P   26283.36464604  .00000073  00000+0  15148-3 0  9993
2 55153  87.9115 312.5679 0002168 106.0143 254.1228 13.18686794184872
ONEWEB-0598             
1 55154U 23004Q   26283.44468570  .00000342  00000+0  92850-3 0  9993
2 55154  87.8964 358.1680 0001351 120.9206 239.2055 13.11416475181004
ONEWEB-0599             
1 55155U 23004R   26283.44789208  .00000096  00000+0  21363-3 0  9995
2 55155  87.9176 342.9814 0001613  98.2375 261.8939 13.17650837182669
ONEWEB-0614             
1 55156U 23004S   26283.51588206 -.00002137  00000+0 -60656-2 0  9996
2 55156  87.8954 358.1577 0002292 102.9589 257.1795 13.11429221180955
ONEWEB-0616             
1 55157U 23004T   26283.18633693 -.00000012  00000+0 -65108-4 0  9990
2 55157  87.9175 343.0375 0001458  71.8814 288.2476 13.17648147182846
ONEWEB-0617             
1 55158U 23004U   26283.50404037  .00000519  00000+0  14273-2 0  9990
2 55158  87.8960 358.1581 0002182 106.2016 253.9353 13.11418026180976
ONEWEB-0618             
1 55159U 23004V   26283.09311957  .00002622  00000+0  14244-3 0  9999
2 55159  86.9052 130.9537 0010125 217.7632 142.2899 15.14023260199640
ONEWEB-0619             
1 55160U 23004W   26283.52214025  .00000041  00000+0  72630-4 0  9994
2 55160  87.9182 342.9614 0002179  90.9944 269.1437 13.17648313182782
ONEWEB-0620             
1 55161U 23004X   26283.49893459  .00000416  00000+0  11372-2 0  9995
2 55161  87.8957 358.1608 0001752 109.9139 250.2178 13.11419119180940
ONEWEB-0621             
1 55162U 23004Y   26283.44976797  .00000150  00000+0  38770-3 0  9995
2 55162  87.8961 358.1692 0002124 100.6570 259.4797 13.11413937180917
ONEWEB-0622             
1 55163U 23004Z   26283.45484898 -.00000165  00000+0 -50054-3 0  9990
2 55163  87.8957 358.1686 0002567 115.2479 244.8915 13.11415519180904
ONEWEB-0623             
1 55164U 23004AA  26283.44112864  .00000056  00000+0  11093-3 0  9998
2 55164  87.9172 342.9948 0002688 101.5036 258.6397 13.17650364182766
ONEWEB-0624             
1 55165U 23004AB  26283.19415130  .00000407  00000+0  10891-2 0  9997
2 55165  87.8941 327.7308 0001992 101.3802 258.7551 13.12931816183164
ONEWEB-0625             
1 55166U 23004AC  26283.50694942  .00000023  00000+0  26109-4 0  9998
2 55166  87.9175 342.9802 0001383 100.5537 259.5751 13.17648229182767
ONEWEB-0626             
1 55167U 23004AD  26283.49682963  .00000069  00000+0  14385-3 0  9999
2 55167  87.9178 342.9816 0001603 105.8304 254.3005 13.17649933182769
ONEWEB-0627             
1 55168U 23004AE  26283.40906535  .00000075  00000+0  16061-3 0  9995
2 55168  87.9179 343.0000 0002379  99.3085 260.8315 13.17651496182754
ONEWEB-0628             
1 55169U 23004AF  26283.44692139 -.00000038  00000+0 -14171-3 0  9993
2 55169  87.8946 327.7713 0002488  93.5798 266.5615 13.12442098183156
ONEWEB-0629             
1 55170U 23004AG  26283.43439607 -.00000861  00000+0 -22513-2 0  9995
2 55170  87.9180 342.9780 0002071  89.3575 270.7794 13.17657316182763
ONEWEB-0631             
1 55171U 23004AH  26283.35790750  .00000104  00000+0  23037-3 0  9997
2 55171  87.9128 312.5471 0001919 109.8441 250.2898 13.18685307184858
ONEWEB-0709             
1 55172U 23004AJ  26283.48877353  .00000051  00000+0  10864-3 0  9992
2 55172  87.8956 358.1650 0001288 128.5331 231.5913 13.11418893180984
ONEWEB-0710             
1 55173U 23004AK  26283.47488575  .00000069  00000+0  14510-3 0  9997
2 55173  87.9177 342.9775 0002051 101.9430 258.1931 13.17647971182764
ONEWEB-0711             
1 55174U 23004AL  26283.45993554 -.00000283  00000+0 -83304-3 0  9991
2 55174  87.8965 358.1636 0002535 106.7580 253.3826 13.11415983180948
ONEWEB-0713             
1 55175U 23004AM  26283.17339339 -.00000353  00000+0 -10321-2 0  9992
2 55175  87.8968 358.2233 0002216 104.6594 255.4780 13.11418942180898
ONEWEB-0715             
1 55176U 23004AN  26283.47349880 -.00000439  00000+0 -12743-2 0  9993
2 55176  87.8962 358.1628 0001651 123.5108 236.6178 13.11417759180979
ONEWEB-0716             
1 55177U 23004AP  26283.46813687  .00000086  00000+0  18751-3 0  9996
2 55177  87.9177 342.9819 0001760  93.4874 266.6459 13.17647725182766
ONEWEB-0717             
1 55178U 23004AQ  26283.45126797  .00000100  00000+0  22483-3 0  9999
2 55178  87.9175 342.9805 0002372 108.1411 251.9979 13.17647802182817
ONEWEB-0719             
1 55179U 23004AR  26283.46139555  .00000055  00000+0  10900-3 0  9997
2 55179  87.9187 342.9617 0001908  93.7150 266.4200 13.17648067182761
ONEWEB-0530             
1 55796U 23029A   26283.61903565  .00000086  00000+0  17865-3 0  9997
2 55796  87.9158 251.4263 0002398  84.7062 275.4345 13.20770855176387
ONEWEB-0534             
1 55797U 23029B   26283.60725396 -.00000045  00000+0 -14182-3 0  9997
2 55797  87.9161 251.4317 0001980  79.9046 280.2311 13.20792608176383
ONEWEB-0556             
1 55798U 23029C   26283.61398707  .00000039  00000+0  64354-4 0  9999
2 55798  87.9159 251.4279 0002470  63.6127 296.5260 13.20770879176382
ONEWEB-0562             
1 55799U 23029D   26283.22172690 -.00000019  00000+0 -79798-4 0  9996
2 55799  87.9170 251.4955 0002780  76.7856 283.3587 13.20773141176331
ONEWEB-0563             
1 55800U 23029E   26282.91365911  .00000022  00000+0  20993-4 0  9999
2 55800  87.9159 251.5795 0001781  78.1455 281.9878 13.20771106176285
ONEWEB-0564             
1 55801U 23029F   26283.20994251 -.00000028  00000+0 -10105-3 0  9999
2 55801  87.9167 251.4996 0002346  81.1916 278.9483 13.20773106176337
ONEWEB-0638             
1 55802U 23029G   26283.25444159  .00000194  00000+0  48952-3 0  9995
2 55802  87.8892 266.7817 0002290  76.1012 284.0373 13.14502919174511
ONEWEB-0639             
1 55803U 23029H   26283.27333719  .00004514  00000+0  11231-1 0  9995
2 55803  87.9088 282.0302 0000969  52.7664 307.3557 13.19765752174080
ONEWEB-0640             
1 55804U 23029J   26283.03454196  .00000127  00000+0  30882-3 0  9994
2 55804  87.8894 266.8158 0002239  72.2145 287.9229 13.14503336174506
ONEWEB-0641             
1 55805U 23029K   26283.04126094  .00000002  00000+0 -26181-4 0  9990
2 55805  87.9097 282.0734 0001798  85.3953 274.7385 13.19724605174061
ONEWEB-0642             
1 55806U 23029L   26283.26394683  .00000579  00000+0  14129-2 0  9991
2 55806  87.9087 282.0338 0000965  89.2872 270.8372 13.19732952174088
ONEWEB-0643             
1 55807U 23029M   26283.23414919  .00000005  00000+0 -19897-4 0  9998
2 55807  87.8904 266.7649 0001255  92.5157 267.6117 13.14503437174503
ONEWEB-0644             
1 55808U 23029N   26283.25933546 -.00009297  00000+0 -23306-1 0  9993
2 55808  87.9084 282.0330 0001273  89.8270 270.3008 13.19644691174083
ONEWEB-0645             
1 55809U 23029P   26283.28126853  .00004647  00000+0  11562-1 0  9995
2 55809  87.9093 282.0284 0001602  76.5596 283.5715 13.19770992174087
ONEWEB-0646             
1 55810U 23029Q   26283.29870285  .00000492  00000+0  11960-2 0  9990
2 55810  87.9092 282.0259 0001631  92.8221 267.3099 13.19728737174072
ONEWEB-0648             
1 55811U 23029R   26282.97363058 -.00000091  00000+0 -27865-3 0  9999
2 55811  87.8904 266.8016 0001358  59.7336 300.3928 13.14500760174472
ONEWEB-0649             
1 55812U 23029S   26283.24823488 -.00005901  00000+0 -14792-1 0  9997
2 55812  87.9092 282.0336 0001708  83.4384 276.6943 13.19674582174104
ONEWEB-0650             
1 55813U 23029T   26283.24346732 -.00003822  00000+0 -95885-2 0  9993
2 55813  87.9089 282.0355 0001136  87.2962 272.8301 13.19692239174072
ONEWEB-0652             
1 55814U 23029U   26283.25951380  .00000130  00000+0  31580-3 0  9996
2 55814  87.8904 266.7498 0002020  89.4533 270.6828 13.14502994174484
ONEWEB-0653             
1 55815U 23029V   26283.24426324  .00000109  00000+0  25891-3 0  9995
2 55815  87.8899 266.7512 0001940  83.9618 276.1732 13.14500551174514
ONEWEB-0654             
1 55816U 23029W   26283.23919703 -.00000273  00000+0 -77182-3 0  9997
2 55816  87.8897 266.7482 0002239  85.0747 275.0638 13.14502626174537
ONEWEB-0656             
1 55817U 23029X   26283.20321967 -.00000044  00000+0 -14124-3 0  9997
2 55817  87.9177 251.4854 0002393  85.4320 274.7087 13.20770611176338
ONEWEB-0657             
1 55818U 23029Y   26283.23872603 -.00003227  00000+0 -80996-2 0  9994
2 55818  87.9095 282.0361 0002603 107.5684 252.5734 13.19700454174083
ONEWEB-0658             
1 55819U 23029Z   26283.00650299  .00000052  00000+0  97162-4 0  9991
2 55819  87.9102 282.0687 0001522  91.6131 268.5176 13.19727487174063
ONEWEB-0660             
1 55820U 23029AA  26282.98887524  .00002030  00000+0  54392-2 0  9996
2 55820  87.8900 266.7998 0001830  79.0370 281.0966 13.14495846174480
ONEWEB-0661             
1 55821U 23029AB  26283.25106359  .00000199  00000+0  50236-3 0  9996
2 55821  87.8894 266.7742 0001966  78.1599 281.9752 13.14503156174502
ONEWEB-0662             
1 55822U 23029AC  26282.98209432 -.00000074  00000+0 -23482-3 0  9999
2 55822  87.8894 266.8339 0001898  80.1625 279.9719 13.14504787174515
ONEWEB-0663             
1 55823U 23029AD  26282.92509662  .00000035  00000+0  53332-4 0  9995
2 55823  87.9169 251.6082 0001640  73.9984 286.1330 13.20876057176297
ONEWEB-0664             
1 55824U 23029AE  26283.18974117  .00000012  00000+0 -35361-5 0  9995
2 55824  87.9161 251.5266 0002192  74.9625 285.1751 13.20771554176325
ONEWEB-0665             
1 55825U 23029AF  26283.24852848  .00000247  00000+0  63047-3 0  9998
2 55825  87.8904 266.7603 0001767  80.1157 280.0172 13.14503448174528
ONEWEB-0666             
1 55826U 23029AG  26283.25875927  .00000076  00000+0  15515-3 0  9990
2 55826  87.9160 251.5021 0002224 100.9123 259.2261 13.20770387176347
ONEWEB-0667             
1 55827U 23029AH  26282.95069071  .00000010  00000+0 -74866-5 0  9997
2 55827  87.9172 251.5374 0001905  77.4906 282.6440 13.20770031176293
ONEWEB-0669             
1 55828U 23029AJ  26283.62743949  .00000026  00000+0  33099-4 0  9994
2 55828  87.9167 251.4079 0002494  81.4245 278.7171 13.20770004176381
ONEWEB-0670             
1 55829U 23029AK  26282.99900512 -.00000397  00000+0 -11056-2 0  9995
2 55829  87.8890 266.8218 0002137  77.3064 282.8304 13.14502777174516
ONEWEB-0671             
1 55830U 23029AL  26283.00177513 -.00000182  00000+0 -48625-3 0  9992
2 55830  87.9094 282.0851 0001813  83.6587 276.4752 13.19724211174046
ONEWEB-0672             
1 55831U 23029AM  26283.62241559  .00000069  00000+0  13770-3 0  9998
2 55831  87.9172 251.4032 0002134  87.2786 272.8592 13.20771957176385
ONEWEB-0673             
1 55832U 23029AN  26283.05462364  .00003521  00000+0  87559-2 0  9996
2 55832  87.9100 282.0712 0001915  92.0375 268.0978 13.19758003174058
ONEWEB-0674             
1 55833U 23029AP  26283.19355000  .00000104  00000+0  24683-3 0  9994
2 55833  87.8904 266.7654 0002149  77.2961 282.8409 13.14502712174524
ONEWEB-0675             
1 55834U 23029AQ  26283.29709900  .00002488  00000+0  61777-2 0  9999
2 55834  87.9095 282.0274 0002066 101.7415 258.3950 13.19745941174102
ONEWEB-0720             
1 55835U 23029AR  26283.28919101  .00003242  00000+0  80580-2 0  9997
2 55835  87.9090 282.0289 0001635  83.6163 276.5156 13.19756970174028
ONEWEB-0537             
1 56046U 23043A   26283.48198782  .00000076  00000+0  16651-3 0  9995
2 56046  87.9182 205.8949 0001841  78.6407 281.4930 13.16594784174132
ONEWEB-0538             
1 56047U 23043B   26283.55164464  .00000020  00000+0  17760-4 0  9996
2 56047  87.9185 205.8834 0001638  79.8611 280.2704 13.16595458174150
ONEWEB-0546             
1 56048U 23043C   26283.53897937  .00000124  00000+0  29004-3 0  9991
2 56048  87.9178 205.8853 0002213  91.2029 268.9355 13.16593659174140
ONEWEB-0547             
1 56049U 23043D   26283.53375990  .00000005  00000+0 -20438-4 0  9994
2 56049  87.9322 221.0286 0001763  72.7965 287.3362 13.21824064173464
ONEWEB-0548             
1 56050U 23043E   26283.48751691  .00000028  00000+0  39261-4 0  9994
2 56050  87.9184 205.8909 0002211  66.6959 293.4405 13.16595080174136
ONEWEB-0549             
1 56051U 23043F   26283.52788131 -.00000033  00000+0 -11131-3 0  9992
2 56051  87.9317 221.0308 0001664  81.0016 279.1306 13.21825062173462
ONEWEB-0550             
1 56052U 23043G   26283.59011766 -.00000010  00000+0 -56579-4 0  9994
2 56052  87.9319 221.0183 0002022  69.0829 291.0521 13.21826985173471
ONEWEB-0551             
1 56053U 23043H   26283.61026908 -.00000109  00000+0 -32371-3 0  9994
2 56053  87.9020 236.2132 0001609  79.9076 280.2236 13.15549031171576
ONEWEB-0552             
1 56054U 23043J   26283.20658453 -.00000040  00000+0 -12792-3 0  9995
2 56054  87.9315 221.0961 0001811  68.2872 291.8455 13.21827305173423
ONEWEB-0553             
1 56055U 23043K   26283.54531300  .00000081  00000+0  17715-3 0  9997
2 56055  87.9179 205.8847 0002121  84.1924 275.9448 13.16593581174151
ONEWEB-0554             
1 56056U 23043L   26283.60864535  .00000071  00000+0  15165-3 0  9990
2 56056  87.9172 205.8786 0002290  65.5487 294.5882 13.16593579174146
ONEWEB-0555             
1 56057U 23043M   26283.49465234 -.00000040  00000+0 -13865-3 0  9994
2 56057  87.9182 205.8923 0002197  84.8068 275.3314 13.16594968174135
ONEWEB-0557             
1 56058U 23043N   26283.20490784 -.00000003  00000+0 -42598-4 0  9997
2 56058  87.9179 205.9605 0001831  87.6106 272.5235 13.16594649174090
ONEWEB-0558             
1 56059U 23043P   26283.57834755  .00000032  00000+0  45991-4 0  9998
2 56059  87.9316 221.0199 0001670  83.0492 277.0832 13.21827559173480
ONEWEB-0559             
1 56060U 23043Q   26283.56656157  .00000080  00000+0  16195-3 0  9993
2 56060  87.9320 221.0203 0001691  74.6918 285.4403 13.21825246173494
ONEWEB-0566             
1 56061U 23043R   26283.55983372  .00000082  00000+0  16785-3 0  9992
2 56061  87.9321 221.0202 0001624  72.8183 287.3128 13.21824663173470
ONEWEB-0568             
1 56062U 23043S   26283.52629857 -.00000015  00000+0 -72749-4 0  9996
2 56062  87.9179 205.8848 0002001  80.5510 279.5847 13.16592645174151
ONEWEB-0574             
1 56063U 23043T   26283.55311062  .00000023  00000+0  24008-4 0  9998
2 56063  87.9316 221.0266 0002085  73.0895 287.0467 13.21824608173518
ONEWEB-0575             
1 56064U 23043U   26283.21600184  .00000049  00000+0  94278-4 0  9992
2 56064  87.9178 205.9420 0002173  72.4858 287.6511 13.16593576174101
ONEWEB-0576             
1 56065U 23043V   26283.50096698 -.00000048  00000+0 -15884-3 0  9990
2 56065  87.9183 205.8963 0002066  73.5578 286.5780 13.16592892174130
ONEWEB-0577             
1 56066U 23043W   26283.58330903  .00000025  00000+0  32784-4 0  9991
2 56066  87.9181 205.8774 0002592  67.2739 292.8665 13.16596173174174
ONEWEB-0578             
1 56067U 23043X   26283.53965258  .00000048  00000+0  84955-4 0  9996
2 56067  87.9320 221.0250 0002106  81.6751 278.4622 13.21826881173477
ONEWEB-0579             
1 56068U 23043Y   26283.60693720  .00000075  00000+0  15011-3 0  9993
2 56068  87.9322 221.0142 0001765  67.5904 292.5417 13.21827882173496
ONEWEB-0581             
1 56069U 23043Z   26283.20965072 -.00000001  00000+0 -37382-4 0  9999
2 56069  87.9175 205.9562 0002373  66.6466 293.4914 13.16595947174096
ONEWEB-0609             
1 56070U 23043AA  26283.25611096  .00000111  00000+0  26149-3 0  9998
2 56070  87.9019 236.2675 0001873  79.4050 280.7292 13.15549733171560
ONEWEB-0613             
1 56071U 23043AB  26283.63404241  .00000189  00000+0  46878-3 0  9999
2 56071  87.9020 236.2051 0001662  74.0081 286.1233 13.15548330171615
ONEWEB-0630             
1 56072U 23043AC  26283.24898015  .00000098  00000+0  22737-3 0  9990
2 56072  87.9030 236.2620 0001741  75.6653 284.4671 13.15550002171558
ONEWEB-0632             
1 56073U 23043AD  26283.62452859  .00000070  00000+0  15141-3 0  9996
2 56073  87.9022 236.1989 0002060  75.9104 284.2256 13.15549396171603
ONEWEB-0633             
1 56074U 23043AE  26283.61816692  .00000058  00000+0  12081-3 0  9991
2 56074  87.9029 236.1847 0001506  76.1856 283.9441 13.15549633171588
ONEWEB-0634             
1 56075U 23043AF  26282.91941598  .00000076  00000+0  16668-3 0  9993
2 56075  87.9021 236.3549 0001951  86.6765 273.4589 13.15548405171483
ONEWEB-0635             
1 56076U 23043AG  26283.59917714 -.00000101  00000+0 -30204-3 0  9995
2 56076  87.9031 236.1916 0002175  74.3314 285.8056 13.15548048171607
ONEWEB-0636             
1 56077U 23043AH  26283.59125132 -.00000121  00000+0 -35609-3 0  9997
2 56077  87.9029 236.1965 0002135  75.8821 284.2547 13.15548651171589
ONEWEB-0637             
1 56078U 23043AJ  26283.58491959 -.00000101  00000+0 -30249-3 0  9993
2 56078  87.9024 236.2068 0002201  81.4072 278.7308 13.15549062171608
ONEWEB-0647             
1 56079U 23043AK  26283.58015706  .00000015  00000+0  66803-5 0  9995
2 56079  87.9019 236.2198 0001999  72.7732 287.3617 13.15537027171591
ONEWEB-0651             
1 56080U 23043AL  26283.65145072  .00000019  00000+0  17321-4 0  9999
2 56080  87.9022 236.1984 0002200  80.3195 279.8184 13.15549903172809
ONEWEB-0718             
1 56081U 23043AM  26283.57063715 -.00000006  00000+0 -50721-4 0  9993
2 56081  87.9029 236.2020 0001802  91.8896 268.2441 13.15547533171603
ONEWEB-0561             
1 56710U 23068A   26283.19648353  .00000008  00000+0 -13400-4 0  9998
2 56710  87.9169 251.4971 0002095  74.0001 286.1363 13.20771460164683
ONEWEB-0668             
1 56711U 23068B   26283.48830809  .00000070  00000+0  14845-3 0  9991
2 56711  87.9182 205.8946 0001990  88.1191 272.0168 13.16596283166955
ONEWEB-0676             
1 56712U 23068C   26283.57221581 -.00000227  00000+0 -62692-3 0  9992
2 56712  87.9178 205.8850 0002119  69.0792 291.0565 13.16594306166882
ONEWEB-0677             
1 56713U 23068D   26283.18469340  .00000018  00000+0  13363-4 0  9995
2 56713  87.9167 251.4903 0002307  83.9528 276.1868 13.20769976164989
ONEWEB-0678             
1 56714U 23068E   26283.61501917  .00000085  00000+0  19161-3 0  9996
2 56714  87.9029 236.1895 0001798  71.3462 288.7864 13.15548561164465
ONEWEB-0679             
1 56715U 23068F   26283.60705554  .00000093  00000+0  21024-3 0  9999
2 56715  87.9181 205.8685 0002324  81.4820 278.6574 13.16595835166916
ONEWEB-0680             
1 56716U 23068G   26283.53292102  .00000020  00000+0  16088-4 0  9997
2 56716  87.9322 221.0302 0002246  87.8390 272.3001 13.21827357166330
ONEWEB-0681             
1 56717U 23068H   26283.53789479 -.00000820  00000+0 -20166-2 0  9996
2 56717  87.9331 221.0392 0002763  60.4177 299.7232 13.21825671166329
ONEWEB-0682             
1 56718U 23068J   26283.56272537  .00000130  00000+0  31082-3 0  9994
2 56718  87.9029 236.1983 0002220  89.3938 270.7446 13.15549274164622
ONEWEB-0683             
1 56719U 23068K   26283.58648540 -.00000094  00000+0 -28246-3 0  9997
2 56719  87.9031 236.1966 0001944  84.7342 275.4010 13.15549514164599
ONEWEB-0684             
1 56720U 23068L   26283.21412035 -.00000094  00000+0 -28279-3 0  9993
2 56720  87.9028 236.2580 0000862  42.4824 317.6373 13.15550172164373
ONEWEB-0686             
1 56721U 23068M   26283.56747544  .00000078  00000+0  17102-3 0  9991
2 56721  87.9173 205.8892 0001596  80.4889 279.6422 13.16595677166892
ONEWEB-0694             
1 56722U 23068N   26283.49780285 -.00000279  00000+0 -76283-3 0  9993
2 56722  87.9179 205.8845 0002002  85.0741 275.0618 13.16594066166942
ONEWEB-0696             
1 56723U 23068P   26283.62768087  .00000202  00000+0  50186-3 0  9993
2 56723  87.9021 236.2057 0001795  64.2049 295.9266 13.15547019164549
ONEWEB-0703             
1 56724U 23068Q   26282.57239514  .00000098  00000+0  22693-3 0  9990
2 56724  87.9029 236.4013 0002130  53.0561 307.0764 13.15549506164294
ONEWEB-0721             
1 56725U 23068R   26283.59550161  .00000094  00000+0  18972-3 0  9999
2 56725  86.6783  48.6464 0001610  99.0040 261.1276 13.22476610173195
ONEWEB-0015             
1 61594U 24188A   26283.44129749  .00000344  00000+0  93544-3 0  9997
2 61594  87.8953 358.1883 0002317  96.8040 263.3352 13.11414419 99565
ONEWEB-0687             
1 61595U 24188B   26283.42595887  .00000063  00000+0  12995-3 0  9995
2 61595  87.9174 342.9935 0002347 105.4243 254.7148 13.17647940101076
ONEWEB-0688             
1 61596U 24188C   26283.45464949  .00000067  00000+0  14006-3 0  9992
2 61596  87.9172 342.9884 0003103  90.3002 269.8485 13.17649123101070
ONEWEB-0689             
1 61597U 24188D   26283.55148238 -.00000482  00000+0 -13948-2 0  9990
2 61597  87.8969 358.1375 0001940 110.5258 249.6078 13.11416367 99574
ONEWEB-0690             
1 61598U 24188E   26283.48537873 -.00000092  00000+0 -29594-3 0  9992
2 61598  87.8968 358.1605 0001618  83.2355 276.8957 13.11418757 99748
ONEWEB-0691             
1 61599U 24188F   26283.48029999 -.00000328  00000+0 -96196-3 0  9992
2 61599  87.8975 358.0813 0002223 100.7843 259.3536 13.11418316 99590
ONEWEB-0692             
1 61600U 24188G   26283.50062295  .00000418  00000+0  11449-2 0  9999
2 61600  87.8955 358.1686 0001423 125.2964 234.8297 13.11415653 99589
ONEWEB-0693             
1 61601U 24188H   26283.16269328  .00000087  00000+0  18982-3 0  9990
2 61601  87.9164 343.0593 0001829  75.0546 285.0787 13.17647590101029
ONEWEB-0695             
1 61602U 24188J   26283.47688117 -.00000407  00000+0 -11841-2 0  9990
2 61602  87.8961 358.1644 0001890 116.5820 243.5502 13.11417005 99572
ONEWEB-0697             
1 61603U 24188K   26283.50911138  .00000643  00000+0  17772-2 0  9996
2 61603  87.8962 358.1530 0001373 123.0106 237.1154 13.11415670 99561
ONEWEB-0698             
1 61604U 24188L   26283.56336286 -.00000065  00000+0 -21851-3 0  9992
2 61604  87.8959 358.1531 0000692  90.5129 269.6078 13.11419872 99591
ONEWEB-0699             
1 61605U 24188M   26283.51506361 -.00000668  00000+0 -19511-2 0  9999
2 61605  87.8925  13.3232 0001269 119.7973 240.3280 13.10372865 98415
ONEWEB-0700             
1 61606U 24188N   26283.59311597 -.00000671  00000+0 -19581-2 0  9994
2 61606  87.8935  13.2334 0001337 116.2038 243.9227 13.10373894 98412
ONEWEB-0701             
1 61607U 24188P   26283.53373992  .00000194  00000+0  51808-3 0  9993
2 61607  87.8921  13.3219 0001208 120.5910 239.5337 13.10375447 98414
ONEWEB-0702             
1 61608U 24188Q   26283.45656028 -.00000201  00000+0 -60373-3 0  9997
2 61608  87.8975 358.1006 0001679 140.9501 219.1749 13.11414625 99596
ONEWEB-0704             
1 61609U 24188R   26283.59820404 -.00000595  00000+0 -17394-2 0  9994
2 61609  87.8924  13.3001 0001616 137.7459 222.3793 13.10374909 98406
ONEWEB-0705             
1 61610U 24188S   26283.52695778 -.00000214  00000+0 -65045-3 0  9998
2 61610  87.8929  13.3206 0002304 126.9673 233.1666 13.10375528 90569
ONEWEB-0706             
1 61611U 24188T   26283.51167695 -.00000624  00000+0 -18241-2 0  9990
2 61611  87.8925  13.3251 0001726 121.5007 238.6290 13.10373026 98488
ONEWEB-0707             
1 61612U 24188U   26283.51846763 -.00000350  00000+0 -10380-2 0  9993
2 61612  87.8954  13.3231 0001912 115.2066 244.9260 13.10372930 98425
ONEWEB-0708             
1 61613U 24188V   26283.53714649  .00000291  00000+0  79728-3 0  9997
2 61613  87.8919  13.3257 0002257 109.9909 250.1462 13.10376191 98408
